business_status,icon,icon_background_color,icon_mask_base_uri,international_phone_number,name,photos,place_id,price_level,rating,reference,scope,types,user_ratings_total,vicinity,geometry.location.lat,geometry.location.lng,geometry.viewport.northeast.lat,geometry.viewport.northeast.lng,geometry.viewport.southwest.lat,geometry.viewport.southwest.lng,opening_hours.open_now,plus_code.compound_code,plus_code.global_code,distance_to_downtown_km
OPERATIONAL,https://maps.gstatic.com/mapfiles/place_api/icons/v1/png_71/restaurant-71.png,#FF9E67,https://maps.gstatic.com/mapfiles/place_api/icons/v2/restaurant_pinlet,+1 513-860-5353,Jag's Steak & Seafood,"[{'height': 4000, 'html_attributions': ['<a href=""https://maps.google.com/maps/contrib/102454795026550820824"">Jag&#39;s Steak &amp; Seafood</a>'], 'photo_reference': 'AcnlKN2cWzpSESG2Z-aszvpfchFHEJUmYuQuBw4EEHRIKiYEOQKrcI0U6Ai-fNGvW4djC3qocsTwHNbu0UaI9B3JA1j9ldjFOkWjNF2z8vADTk6QxKbfxfS8jx-E9U9xZDeP4hdLB4wx-bj-8MVaCwscqGMZp9J9spZ_W-k5ZNw8oUmjl4geP5TxJLDxMh_z4norXZ4EOjFrRkgdJrGibrNLPW-EcOEgEMJcawXNDxYyT_PPedynQhrChKXt9V_WNsCbiS3AyNPPFJxFe6QvkYlbM5mXTN61cP7EwJApb1gmmPnhuH-VRFkL3pXR-jqqFEv8utHRF9HHAOQ', 'width': 6000}]",ChIJQfeQ6jxQQIgRT9WQB0Nh3Kc,3.0,4.7,ChIJQfeQ6jxQQIgRT9WQB0Nh3Kc,GOOGLE,"['restaurant', 'food', 'bar', 'point_of_interest', 'establishment']",2546.0,"5980 West Chester Road, West Chester Township",39.3289293,-84.4263817,39.3302278802915,-84.42492091970848,39.3275299197085,-84.42761888029149,False,"8HHF+HC Beckett Ridge, OH, USA",86FQ8HHF+HC,2.0399252242476686
OPERATIONAL,https://maps.gstatic.com/mapfiles/place_api/icons/v1/png_71/restaurant-71.png,#FF9E67,https://maps.gstatic.com/mapfiles/place_api/icons/v2/restaurant_pinlet,+1 513-779-3666,Little Caesars Pizza,"[{'height': 2448, 'html_attributions': ['<a href=""https://maps.google.com/maps/contrib/118057544156260719481"">Jon Schulte</a>'], 'photo_reference': 'AcnlKN3Wld7iYXDwprFqoY9pUKinKOUeBwxvv2Hc_ESqeuFSJzZzojp17WqFX0cKASHHAPLppwqUGs5XFldgjAGtUtDSedjEjyTlmpEj3bTyCr_WG7f6Po_TW3fqoaqdYrKYM3V0ybrEYHnpC1bYTgI_xlSNkm2cy3wb74WHVddkPVYoi9tlAfGhc8aVhdj1zX9SLlHUkvX-Uk94MXNfn06a3KOaJ2_9UjduBzoArCRuvC5ZDOb3O8nkvJjaDti0Ov3_XM_gC7UtOkHNLaALdrk3pt8myVUcON8INLR2uSZUp0pvddxAnrSPlpg4QeTML2Q4jBYI-ZHLL7tMQCUGf0_j-iCK5QudGmZrk1r9Lqkk9nREJB-QhOBH-WaMOs72XoZvW5e1usxpzkSIqrCA2GWugm356sE9UMSSgx4Pm29rIXC7_49l1fa4rKeuGOVN0thFxZcxBlTUkaMKMFl2DUINQY7-jirJEnGP89vEiHy3TxixduPvm6IFjEIuAzBpDWjqcylVkZOvk2F4tQEKi4du8YMctKfgbeNM66a5W5iiDyAq2P4aQLYWdGgt83Sup0qhXbtuP0ohTTxMqUVhJEi1ck18A8U41FROXv3t8KZiXXbzfqVvjjEshhmkjnR6cAQxeg5fhg', 'width': 2448}]",ChIJhek3q4BQQIgRTLlTEftiYKw,1.0,3.5,ChIJhek3q4BQQIgRTLlTEftiYKw,GOOGLE,"['meal_delivery', 'meal_takeaway', 'restaurant', 'food', 'point_of_interest', 'establishment']",451.0,"8231 Cincinnati Dayton Road SUITE 300, West Chester Township",39.3466576,-84.396215,39.3480018802915,-84.3947455197085,39.3453039197085,-84.3974434802915,True,"8JW3+MG Olde West Chester, OH, USA",86FQ8JW3+MG,1.4589437150488258
OPERATIONAL,https://maps.gstatic.com/mapfiles/place_api/icons/v1/png_71/restaurant-71.png,#FF9E67,https://maps.gstatic.com/mapfiles/place_api/icons/v2/restaurant_pinlet,+1 513-874-7468,Dingle House Irish Pub & Grub,"[{'height': 500, 'html_attributions': ['<a href=""https://maps.google.com/maps/contrib/103207446027007650554"">Dingle House Irish Pub &amp; Grub</a>'], 'photo_reference': 'AcnlKN04buCwhhcFha-qOeBVlAumWI6IWkFVHCBnILO-quKbl5ds1fZ2Q8DHXWQzpRdYPyRDqyeGh7UbbJ-RHWwLpbk0Zg_3-L3d9yg-oZWEao5BrECD7siwN84tpF3rA4iRf3zsSU8Nni6bT-gFPnEHfVVg0Hg0ZEbjvvzYlpz7NX9Qgq8sMEpun43kFN5Et0PPiplkzHO4dadDeS22ea6rlSF7qxWQFUBrYOOmcEsc6gLvXT4hRYGLuxACqXeU3IwM3LqOC26u5MnrkdBqtSjflnXqZg1JoVGDuC7SW1HjGnz2jY1tbVaCWCuFHEy4wB9GBwfbPMtBqf8', 'width': 900}]",ChIJJyoVYiRQQIgRlQCxgZB4MPM,2.0,4.4,ChIJJyoVYiRQQIgRlQCxgZB4MPM,GOOGLE,"['restaurant', 'food', 'bar', 'point_of_interest', 'establishment']",2278.0,"9102 West Chester Towne Centre Road, West Chester Township",39.3266521,-84.4303199,39.32804593029149,-84.4290928697085,39.3253479697085,-84.4317908302915,True,"8HG9+MV Beckett Ridge, OH, USA",86FQ8HG9+MV,2.4466747503386754
OPERATIONAL,https://maps.gstatic.com/mapfiles/place_api/icons/v1/png_71/restaurant-71.png,#FF9E67,https://maps.gstatic.com/mapfiles/place_api/icons/v2/restaurant_pinlet,+1 513-759-9398,Bravo! Italian Kitchen,"[{'height': 3036, 'html_attributions': ['<a href=""https://maps.google.com/maps/contrib/100180887197334773036"">Christopher Tape</a>'], 'photo_reference': 'AcnlKN3vVeU4AP9aBNxWtkhYgYQHFILY1Mspi1cHFbHOieiwKt_uD2MiWOjqqTf-dOigp4FAXnrwgCExfq6nCOEyW4j-X8uMKanxC6Uu5YlS9kDP1gVW-NgWzWZmMH-t4u7c4D2P4acpylY-cpJeB5vjnnDJNmW3eaUKA41zw2ImivF55jhljxRBn1kFYY7nt009y5T2EeTl8Su1I3BrW_9VguhhoG7Jck56R5GJxnATEvUhEnUbqLc6jxMzGkBXiBo0HF7FxWH1_pIb4ktUayF4u6AuOb6og40wGs2T9hOa0-uyu8wXkzxtlwLL1muUAiW6dxk_sKlQMpBVCr1vihiKE5OgMlKipig1_S034UbbP3xu7RNVpDiac-XAzPapyO_oVPF-lGkPEbkMxDZeTHGsQhFwIN0tYRlr5MPql2E0wmQ9Aq4uYhcLoOD_ib_RdUKxqLp5fgTWlQRfX65kRwaaDoMXMPsg-WvxEdy4S-uitMSHAseDMlrQkesdA3pMs06I0NJnerdX6eKEO7TnlJUzYwDScTgA57TC-Pa_PXSWJQf4TRjXPzrRTjceR3jP95aj9uPZ1qmncFqdtw3TuNitUZMqYo1wZbRoJtO2kfl79CQp6LdrlZEsLWJGIa6zBXXkMLOS8Q', 'width': 4048}]",ChIJy5SauTZQQIgRmJsfjl0lVr0,2.0,4.1,ChIJy5SauTZQQIgRmJsfjl0lVr0,GOOGLE,"['restaurant', 'food', 'point_of_interest', 'establishment']",1467.0,"9436 Water Front Drive, West Chester Township",39.318484,-84.42258,39.31985768029151,-84.42104426970849,39.31715971970851,-84.4237422302915,True,"8H9G+9X Beckett Ridge, OH, USA",86FQ8H9G+9X,2.434497995520252
OPERATIONAL,https://maps.gstatic.com/mapfiles/place_api/icons/v1/png_71/restaurant-71.png,#FF9E67,https://maps.gstatic.com/mapfiles/place_api/icons/v2/restaurant_pinlet,+1 513-874-2521,Bob Evans,"[{'height': 3120, 'html_attributions': ['<a href=""https://maps.google.com/maps/contrib/118235737288678954257"">Deron Reid</a>'], 'photo_reference': 'AcnlKN1DWLh9SftMfQNwfhzNGXJkSN9s1dOYMiP-1sAqWHbHxbIjXGucdruZ4jPTAkxs4Ku4gGDG1HYvq2V5D86_9YbzjMeshmEB1o974U9u4je2DARkBY3EyxP8_aI510uCjT66eROyFlKnffaxGxIv6ke-xRcF0oIZ1fNkmIRPYJZfdy2_TOmhZhqhpMh4DELKJmYsz3HnE9gFcXyrqrYFiNPbnWmAKy5NjB2r1oKMDANefuEF9OvgKlmzjAyE8tzXzUvtb28NW0CdQJ_X3Tx8czEEw26Pp4QFT5ggnhuQMkD3m5VHtzneECF9zkaS-T_NsXRr-ohIi0F1qY9f1EMHnX3FanFig3TSLZ68Drp2MLM6qtV5sx1-ToXhxBxSIOWawLuh6w1UWKOLDE5yEOLcAFyspNN3ExleVjLr02FV01Mu_98H71SHTLptPOD0b_tfDxi8SKWCLk4bPCnl1jtu-KTG0e_NRKoaRLTTDILg5a1-hKeDXBysLOFGf-933_2T7ssIyiABbXSnbxAF0fdC17IP6AUwzdfRhKB7V_ztr_Cgeg9MTyDrZ0c0hssnsWRm7Guy37FOggrTMfQJlrL8rXxNe7eiAvHHJ3VOXQJl6wWGXCdzX2NT1t3Y_b57Ks2ak5mNcqP7', 'width': 4160}]",ChIJLXUusjpQQIgRjlVf_TFc1RY,2.0,4.2,ChIJLXUusjpQQIgRjlVf_TFc1RY,GOOGLE,"['meal_takeaway', 'restaurant', 'food', 'point_of_interest', 'establishment']",1149.0,"9223 Schulze Drive, West Chester Township",39.3229827,-84.4276182,39.3244192802915,-84.42614116970849,39.3217213197085,-84.42883913029151,True,"8HFC+5X Beckett Ridge, OH, USA",86FQ8HFC+5X,2.431528251841372
OPERATIONAL,https://maps.gstatic.com/mapfiles/place_api/icons/v1/png_71/cafe-71.png,#FF9E67,https://maps.gstatic.com/mapfiles/place_api/icons/v2/cafe_pinlet,+1 513-755-7040,Panera Bread,"[{'height': 3072, 'html_attributions': ['<a href=""https://maps.google.com/maps/contrib/114030463834690849689"">Alan Bunch</a>'], 'photo_reference': 'AcnlKN0nRlhE15901vszq_G2qPBscpiD6cbAYWVotG2QswoY-4BYfg5m8A7MqVrsivX8aXKFZXRgE596_uWbR85Zb0Kj1B10bQr1ndQJg1osh24AHp2UQfB1E7Zs38L2ktsLW6TFT4d16HR4NHw2Px6Z77FpB98kSvxXyHvwI-OowHkwsYNZlzSAKAqTmBULZePleYux3fUZ-KrD2wUBEtHwtF1pEcb9i-kCZnFAGbuFQS5KiWKKBB6vxHcwSCrUmizbahwGmKt2CEuhBNQaxB8fh2Tk5mCRPv1EXmMisuL7il5pCm-XbwEdXVBh6RL3MBHhzc1VOwlXtXTEJI6amw5lpaOxPKYFeLDYG6cHkDY-R2mvyCQpsuZsS40boL8zD4U_g3Qi3hZHSX0om0qEAwdA_ifuKN6ZlBgsHBypLHDQ_7OyA8xFnjh1m3qHGuNpXkgrbQoMC9lYrcDq6Irn4xMF2FvS4i78bzL7wZfT5y1tPCXq_4XUzUWOKLNWal_eCYbk3BjRKgiUJ4qulOjRdXKnKn2XYCYVi9uDH4qQMCb3S1WUWKyOnUhdqQLt8BjBtbePvZLf-aHC-qjOElUowVaLwj_kN3UgmlNotDm4957KnzbNxfimcuhFhK4Cf4c_SviMLkFxVw', 'width': 4080}]",ChIJVyjU5jBQQIgRXITbrpAo6dM,2.0,3.5,ChIJVyjU5jBQQIgRXITbrpAo6dM,GOOGLE,"['cafe', 'bakery', 'meal_takeaway', 'restaurant', 'food', 'point_of_interest', 'store', 'establishment']",654.0,"9444 Civic Centre Boulevard, West Chester Township",39.319829,-84.424143,39.3212218302915,-84.4226852697085,39.3185238697085,-84.42538323029152,True,"8H9G+W8 Beckett Ridge, OH, USA",86FQ8H9G+W8,2.4181711943255992
OPERATIONAL,https://maps.gstatic.com/mapfiles/place_api/icons/v1/png_71/restaurant-71.png,#FF9E67,https://maps.gstatic.com/mapfiles/place_api/icons/v2/restaurant_pinlet,+1 513-779-5555,P.F. Chang's,"[{'height': 3072, 'html_attributions': ['<a href=""https://maps.google.com/maps/contrib/101555060470091425817"">Kojo Stan</a>'], 'photo_reference': 'AcnlKN30ogGEoC91ZDtE18eroDF-IoXfXoRiAygL8743Be9rOtRRyGgZlCSiStvs5R_rVjQZ2mc-CJQnGRyopde6tnyqmAP57Shm51Gts6F-Im895xowNBmFCkwnl7SbmT6LVDgnTyXOug5uzdqYT3WeGf5mRxnTlqi032qvqDBjcHQlwYJgYx_D4d_fU7wldGnAyQenlog4qUXx9xEL6snC4xJm6qrYvr5mFR3RcjbNyjIhJ2RLOVmxD_0B5muij5EpFxgkeAlfqcd4rCjN0yGcAApkwgMAgVBUtPFs5-ux0D5wd8i1IySzyrAs66gBT-1oB0yhqc8R8yvxmucHsJWvn3hv6EW7ZidaDkQ_AyuyO0gMWZMW1rkBCjffiqA0yGHShDXRyR5x2jfvYxCwJK2M0MrEOqBMMTTa3rgRyru7178yi888_9OE-NdVlYyrQSSLbPj_0PkqRwsAhlqPWyh3P226fCAMnm_CUZY0eV5RqIIHlTX8__dLKhLQX4qYsTkpUu9TyQe1L-BJOWk6VZY8B6M1EoKFkH-MMj0xhQnwrivO5pnZg_yGeufCZie8E87p_e8njeMBL9GTmAipwygXQq4y_-McfNcv67unr8iOEPVPPMm1e6LUzqiGSSBiHqcsSBHQ_w', 'width': 4096}]",ChIJ16FRSzdQQIgRDqGFG34pVlg,2.0,4.2,ChIJ16FRSzdQQIgRDqGFG34pVlg,GOOGLE,"['meal_delivery', 'meal_takeaway', 'restaurant', 'food', 'point_of_interest', 'establishment']",2162.0,"1, 9435 Civic Centre Blvd. Streets of Westchester Bldg, 1 Bldg, West Chester",39.31889699999999,-84.422869,39.3201592802915,-84.4214692697085,39.3174613197085,-84.4241672302915,True,"8H9G+HV Beckett Ridge, OH, USA",86FQ8H9G+HV,2.416664832670292
OPERATIONAL,https://maps.gstatic.com/mapfiles/place_api/icons/v1/png_71/restaurant-71.png,#FF9E67,https://maps.gstatic.com/mapfiles/place_api/icons/v2/restaurant_pinlet,+1 513-777-5360,Smokey Bones West Chester,"[{'height': 1868, 'html_attributions': ['<a href=""https://maps.google.com/maps/contrib/101527419325702885445"">David Gearring, Sr.</a>'], 'photo_reference': 'AcnlKN3Oz2Pxv3QQTuO0t53GDw6xcl7cDR_cPEcIlhLOgXpjlqv1MZbA_lKHBuGfQ6mDuILpYTl07TLEbfOCs8zUFeop6Idtw-VvWRiqhTPViOCZCOZvXGtw3kyiZV9vS4kUR222aBiJTVkifyatnc3-BkYTEBIvxQWRqcZ-5GJCIM95fU-4p_70RkNdqm8doX3gMm5iQZAyYH8ZKG5dZhnX2xPPE0GATGg7nmezCZKTLiI20slxO5ZzWw8-yQ_6dx0rrC71_7JH1nhX9EbSk2LguySm7fnRRMY63VHETVFZZA7ZHhMq_xM6j7OrsuMertPXITOd6TaajUqpNW2NBYTOCpv40fi3BUSv65XQXXkN0oowhIUTjJeNHPzOb8cXZazCJJPUWFMoNjlpgYm_NuZA-PKY8GCT273qYc_zn7V4-AcCjE7LDd3OTnJcOmd8ZAwRu6ceKyiRzpl2BQpCkeEm6ixBSLfz64Es_hmsJHS4L1S-DexFSEgEE7CiKKsyGsiE97PJxBFDu5s75oAv7CdURKDFwdtN-_SlEfaaTv1LUDOpHg7mk7H2XxKPA0QahD1LqXvQlZXPdaMU-j__VUqBuPsotPgXYDDPoteC4HWc2OmAvF3dgNAOVu8nGv8MKPWF', 'width': 4000}]",ChIJF0jHrjFQQIgRCoyX5962wf0,2.0,4.6,ChIJF0jHrjFQQIgRCoyX5962wf0,GOOGLE,"['restaurant', 'food', 'bar', 'point_of_interest', 'establishment']",8152.0,"9484 Civic Centre Boulevard, West Chester Township",39.31923439999999,-84.42551809999999,39.32049293029149,-84.42410881970851,39.31779496970849,-84.42680678029151,True,"8H9F+MQ Beckett Ridge, OH, USA",86FQ8H9F+MQ,2.5492855335285194
OPERATIONAL,https://maps.gstatic.com/mapfiles/place_api/icons/v1/png_71/restaurant-71.png,#FF9E67,https://maps.gstatic.com/mapfiles/place_api/icons/v2/restaurant_pinlet,+1 513-779-1900,Waffle House,"[{'height': 1848, 'html_attributions': ['<a href=""https://maps.google.com/maps/contrib/114940240042608187151"">sara reinhardt</a>'], 'photo_reference': 'AcnlKN293cTZBm6XTN5OOh7u8TbWmRI4eSaudbkV2yleARYxkOYg5_G2qZdu2IkT8HYijmOhbw5Wkc5ss3rO2Ez2JyN5ayi1ZOsO0IdzFW0oYkLNjr-TgCODNRp3l3dEc44sEbVr6hyF9Lg1MftiXiTTgCknhRN7MpD5BqbuNQdFFeyE03cGQs_HTscLmyLG1Bf358P1Sul98bcy9QlNA8aClvNG-OpeH8nlm4pKFMKREDaIMQSEb3wyGv7jI2iyoReO85umCYMwyVrdeb0MXGSnSxBOnKdVDCTcmWTf697wOC5KDFubLXN5cqxlqzSo41Mqw6R4d5xjj0-X-6C0CN7kfnd7AgP1TIPiNiVRSF46tBFkv2zJJP55tSiQk9bq--eP5J8uQ684gdF32EBg_AjzSHc0YK25k4Xans_qaBOm6COn38k4yS68ZG0m1YNwJQdGSW4BwURBJCBh3sgpb5OmCQaFlCgZ0d5MnyXcxW7MPFeQ5LkYF2wDzEJOz7JHFASUdT4snMRriKtdGdSZHVluIWjvwcRX_Y21DjHAkxOm8j8X_E1SHYt2lx5sCVc-mWL_9GuDeefoPxdwu7OrWL1GPMGFMgH2EcGAaE0F479puu3ue6ZyOsr2ufJ5yAwJj3ycv0FAhu1s', 'width': 4000}]",ChIJqU-LU4dQQIgRsqe77AUUeP8,1.0,4.2,ChIJqU-LU4dQQIgRsqe77AUUeP8,GOOGLE,"['meal_takeaway', 'restaurant', 'food', 'point_of_interest', 'establishment']",800.0,"8239 Cincinnati Dayton Road, West Chester Township",39.3463641,-84.3960433,39.34765013029149,-84.39468166970849,39.34495216970849,-84.3973796302915,True,"8JW3+GH Olde West Chester, OH, USA",86FQ8JW3+GH,1.4369980969328873
OPERATIONAL,https://maps.gstatic.com/mapfiles/place_api/icons/v1/png_71/restaurant-71.png,#FF9E67,https://maps.gstatic.com/mapfiles/place_api/icons/v2/restaurant_pinlet,+1 513-860-0888,Mellow Mushroom,"[{'height': 4027, 'html_attributions': ['<a href=""https://maps.google.com/maps/contrib/109609450299676996872"">Mellow Mushroom</a>'], 'photo_reference': 'AcnlKN1Mb3rHw0AVr9hC0RFbZsZ0RPhLW0MFiTAEfc6Z97VyTQg5Ylp6jOJWQAwBUyxfrswqCjidl-cGG-qRULkoABAyGTvKjUZp66RVMzRNvIPG91mlUZvxO6K11UJ1FvDhJDaP8BdQcgOeGG7Nokb3tDdK1syxFqeCkuey1c9XaqxxqPTS5XVbVCU5uoXfH7W5UlneKDMWGkILR_ry-hQ4mQbnIUYzHbKpfl1NCZGAxui7ZI_5GHmswmvGZY-kyPleEkuBGS7okYV1oPSj3XO7XU9px1CRWHNhDkMZz0XReXMSR--QfpI71sxCTiLkF9oxfB-aA3KVr5c', 'width': 6053}]",ChIJUbm4mCVQQIgRqmxFBYW4h_Q,2.0,4.4,ChIJUbm4mCVQQIgRqmxFBYW4h_Q,GOOGLE,"['meal_takeaway', 'restaurant', 'food', 'bar', 'point_of_interest', 'establishment']",3157.0,"9238 Floer Drive, West Chester Township",39.323228,-84.43042,39.32461248029149,-84.42902916970849,39.32191451970849,-84.43172713029149,True,"8HF9+7R Beckett Ridge, OH, USA",86FQ8HF9+7R,2.6224669507677434
OPERATIONAL,https://maps.gstatic.com/mapfiles/place_api/icons/v1/png_71/restaurant-71.png,#FF9E67,https://maps.gstatic.com/mapfiles/place_api/icons/v2/restaurant_pinlet,+1 513-874-1302,Aladdin's Eatery West Chester,"[{'height': 3024, 'html_attributions': ['<a href=""https://maps.google.com/maps/contrib/103994076283348454554"">David Kravetz (Sumoflam)</a>'], 'photo_reference': 'AcnlKN0x2l-KKIyiRx0VN1bZXFFMalZXuc0e7iRLlqVyRLFv6OoRyS6Sw6qlSS23wCzFVOzUXJVCuMwVmqkCdCtRKVrv9G43fRT-dPitTK-Q5kmr5T0lPydqGzU2UzcNY0UAWubWz9R20SfdcHyaOLVhHa2BSQOfgQbZNnxIUs0OhN0c_HNVsQIKoq2f-ya4QqgIGa_FPETDga2zse1g7WTK3X8uVvvAsUGYw_SWwgAojDlmuSTDEGCYMvZfPL2QNyo-CPF8nrrmvzewIfeZCPmi0c5OPrGpl21M2jddPjT36AcJkz3Q6a9E1nYMOr_d0tf1WUXbJDiTM5_NRdfaTpPvd80InQDcXWsnXjGl96DxA6rxGLMUCqooNRw1uKI6wEKmD4QKUY6Mzt0gK8rWeMGCmSN3dg9oeaYalQHzeYxF3eoFDNjK50qLb-1ZuEmh7NoNB0KvZAITYNhBxs7GrpMHP5FvaND5p2Zq9nT5pB1o6HakRei3a2FzPfPYiYwFrepzvUM37x1dWMX3gPp4s_c7sobq5-SEdvpJrhkm7XAgQGkIWuJ1qw28Zs30TiBzoRun6ck0P-ygPCrhIHDgdQXRccPaeqWo-0I9kgzCP2ujT4Ocgyrs5is2Vgp3M-_TnhS-XX5nGNmp', 'width': 4032}]",ChIJv0WkHiVQQIgRPuOreHs1CrM,2.0,4.6,ChIJv0WkHiVQQIgRPuOreHs1CrM,GOOGLE,"['restaurant', 'food', 'point_of_interest', 'establishment']",1891.0,"9344 Union Centre Boulevard, West Chester Township",39.3249062,-84.4292988,39.32620268029149,-84.42794216970849,39.3235047197085,-84.4306401302915,True,"8HFC+X7 Beckett Ridge, OH, USA",86FQ8HFC+X7,2.4483715156705257
OPERATIONAL,https://maps.gstatic.com/mapfiles/place_api/icons/v1/png_71/restaurant-71.png,#FF9E67,https://maps.gstatic.com/mapfiles/place_api/icons/v2/restaurant_pinlet,+1 513-942-5501,Chipotle Mexican Grill,"[{'height': 3024, 'html_attributions': ['<a href=""https://maps.google.com/maps/contrib/108386023390776361034"">Chad Hobbs</a>'], 'photo_reference': 'AcnlKN3kRnUK5JjBXpRIXX2-NV3bN-ko-M-QJhlSZA0e5bJE5wS83chJYkwAkedmZjKTKfez8zVkVjjaYqsyZiASfnWFYn8WV100dVaO3YrMvXjmwLvzmE2N_jyyNCphkl5lFk1zEupQfgw0D8xBU-kcNi3FD_jU-CG6jR-UcxiMdxH4PUZBhBRZTwfYuyZPb-tw32bmHl0qlF3qHl3l4Ccf9W4MEijp8RymY6zhJj7UfYQ3Tm5y5kBepSjtGJjsMhufnOoFjvYKW2AszaDHyptqyZYFW1pI0mWM-EUb2UFNzfZX_LPiMd_eh93wZrSST3dqrimWAJXcA6K8FzX3ZeMZvk27Rek2epEu42U1PlduS3zX1SBRwcyGMYJ1PCEjgAIR9Ir7KPTLK3ExDhVPnABwF4YXoN2V6FQ2AazbtYmKXVCX5IU9A5UyE7WJdUntEhYx00WfnbbTaK80N-nbbtLkn6NdpncK1ijoLkZN2Nzi6qAbZYJN1QsYXVUO8oaYl9QqVKxsNUlHOSsOpBzU-L4MSr9hKmaykCHQpyWXk95SYJjLpRvamVrmAnQNw8SWuZueTIDb9kUtVHdF6KCJTQ3_YglF7ZMVWah9281iyh8dSm3BRpP1sxqtQP3LMXGtp2M5tNLZ7g', 'width': 4032}]",ChIJA0x6JTZQQIgRKh78wo81x3w,1.0,3.0,ChIJA0x6JTZQQIgRKh78wo81x3w,GOOGLE,"['restaurant', 'food', 'point_of_interest', 'establishment']",863.0,"9324 Union Centre Boulevard, West Chester Township",39.3250599,-84.4302594,39.3263097802915,-84.4289302697085,39.3236118197085,-84.43162823029151,True,"8HG9+2V Beckett Ridge, OH, USA",86FQ8HG9+2V,2.5145232826082013
OPERATIONAL,https://maps.gstatic.com/mapfiles/place_api/icons/v1/png_71/restaurant-71.png,#FF9E67,https://maps.gstatic.com/mapfiles/place_api/icons/v2/restaurant_pinlet,+1 513-759-6532,Red Robin Gourmet Burgers and Brews,"[{'height': 608, 'html_attributions': ['<a href=""https://maps.google.com/maps/contrib/117392014163768191354"">Red Robin Gourmet Burgers and Brews</a>'], 'photo_reference': 'AcnlKN0Kh0XQteylP6HcTndaSpXXgTfSU-grSPoVj1aMRwRyj_8xv9NrtZe9sAjUrZ5qHOprYU5-NciVELf_5hqhcgrDUUc9R36qVH-kP-Gor-uHeqDC-ZhmIVBNouJ0gR9pDxTKoH6cGc7X_dMLbEF_K46_lgwhzwhBLTv5bkbIurOpFmT93wjnM-U_ca2kKwoAWdKmsY66d6TZwKl7drdGEZYD_kCVQtIuPpW1Ay1VgQw5mE3TWC0FUSF26GYAj02IrNcnAyA6fMFOic6wJNL6xqS5bRSc2aUlldjTJVYNUPb3GgI1wsuWvka3Ao53LJELj7SwunyIYrk', 'width': 1080}]",ChIJu2RYxTBQQIgR-pmaNWZ6lIQ,2.0,4.2,ChIJu2RYxTBQQIgR-pmaNWZ6lIQ,GOOGLE,"['restaurant', 'meal_takeaway', 'food', 'bar', 'point_of_interest', 'establishment']",3501.0,"9434 Civic Centre Boulevard, West Chester Township",39.3201879,-84.4232602,39.3214532302915,-84.42183961970849,39.3187552697085,-84.4245375802915,True,"8HCG+3M Beckett Ridge, OH, USA",86FQ8HCG+3M,2.3360511991718353
OPERATIONAL,https://maps.gstatic.com/mapfiles/place_api/icons/v1/png_71/restaurant-71.png,#FF9E67,https://maps.gstatic.com/mapfiles/place_api/icons/v2/restaurant_pinlet,+1 513-942-9464,Buffalo Wild Wings,"[{'height': 3072, 'html_attributions': ['<a href=""https://maps.google.com/maps/contrib/104193722761438483581"">Mel G</a>'], 'photo_reference': 'AcnlKN0gyz72CuSYUi_sSaEVW1f4t1OhPvUG3q2mpzlcEYg9JanI81G630kb3Jrf-0d7c0WHM5GqPPTmcXS-lXdFXnE1ubS7fQzYrycnmgYXajz5SKhTVMTvvDB6s_uioRsN8a1ZnDE91wtRDU7HdUiU2c78DDzMuJMBedVDnXcIHoM3A3F7XdKwXVjlmB-rzAk_3YhDOm-_X_474PGa6U3bwly7RXxlCOD7IISCXHWlc_8bKDL8mEOCRuhb0CahmJeRe7Lwwud9NBZqW26ojcanOsluJRWN7wiotKlObhgf2yUujcguEjvnA5L3HXRVDhMNSrgyavDHFzgwT4mt7IcDcCobNgULJxmwgSTPCwQGL0yicpBKKAY8cYFAxZqiyONMymKE3TSKfossvqQSs5yCUjJgYuCzUs65Ep_pWQdctSGgR8c4X57IzOzOgUrljVjULaUCHY0o2g6GFCKU8mcnDPbnxD2cRx60AHjn3ESMcb-UeAtFVhyVCNFFrA-o5_TKdkrOMjHwR65hnihREhnxbajDVkR5ZIxYq03MdvYTbyKYwAlot4Sl-VxnPrafLI-RK12dhJoQonqgnn_g3EC4WRZ2McWbazW31CHivuCWpKbbjeMGgdXcd5i-cIXEcZlJoU3zRA', 'width': 4080}]",ChIJyfNbVCVQQIgR9grm19PsI64,2.0,3.8,ChIJyfNbVCVQQIgR9grm19PsI64,GOOGLE,"['meal_takeaway', 'restaurant', 'food', 'bar', 'point_of_interest', 'establishment']",2149.0,"9243 Schulze Drive, West Chester Township",39.3224571,-84.42784429999999,39.3238573802915,-84.42662726970849,39.3211594197085,-84.4293252302915,True,"8HCC+XV Beckett Ridge, OH, USA",86FQ8HCC+XV,2.4801935035120053
OPERATIONAL,https://maps.gstatic.com/mapfiles/place_api/icons/v1/png_71/cafe-71.png,#FF9E67,https://maps.gstatic.com/mapfiles/place_api/icons/v2/cafe_pinlet,+1 513-860-0329,Starbucks,"[{'height': 3024, 'html_attributions': ['<a href=""https://maps.google.com/maps/contrib/115726657196652018707"">Muhammad Farooq</a>'], 'photo_reference': 'AcnlKN37PNnCDHryWFL75Z4Woc_tXnedEpsweF_nqv4MUOaZvGfrM3BYZZH7bGVix4YQoC3dwTdoy9EXYbSLvXv-wWSKjf_4vnZt0BLowHCfKeGQ4-64ZBicW7EGJHouGB7QMlDrjDGBiLeX2rJ9jIVUSpXT8TtSDnlTrXVynLNTC6rn4qTV5O3Rc-iOdqWrLLOIEyfsdtoBzE3luMoT2lwXEygXHvzRwEKeG8GNEnbXPlibmO_c6-dHMU_06hxmPg6yzLtV1eTrFmmm7cmZIqFUM_wu_Wv9CfQFvwSnMi0NynEXmtHY9lThCX9w0JpWK64Bz9gc2sZFI6v4qMDzCzHgVmiKcsfYNxGNAU8qepf-Pc6cUO4l-Bb0yLudhM7BSKVzPMMyPinPUQYvHjJUQZ1mM84RxDEtmYjcesl16pMM0PiEIRcgHtT8Oxy3HjeO53s445CKA_mRuaAZJsDmZbqJcLwq92nfxkrHxytudIrlolccjUPtInjlaTqZcAtQCb6XuwqJPzHxStkoHrexJvokfPT93OHBUJazzMw9Edy810ybAD6wfBPVF6aGuUqEakfdIIXr2xcYbxb4wlvhm4kH10g3J-d-IyNY14yFaPfpFtpKptENRAvzjMtaW_nxJF_ZHq1Y5Q', 'width': 4032}]",ChIJZRjvhiVQQIgRTE5f9I7jB8c,2.0,4.3,ChIJZRjvhiVQQIgRTE5f9I7jB8c,GOOGLE,"['cafe', 'restaurant', 'food', 'point_of_interest', 'store', 'establishment']",912.0,"9244 Floer Drive, West Chester Township",39.32315,-84.42980999999999,39.3245319802915,-84.42855706970848,39.3218340197085,-84.4312550302915,True,"8HFC+73 Beckett Ridge, OH, USA",86FQ8HFC+73,2.5815536228300715
OPERATIONAL,https://maps.gstatic.com/mapfiles/place_api/icons/v1/png_71/restaurant-71.png,#FF9E67,https://maps.gstatic.com/mapfiles/place_api/icons/v2/restaurant_pinlet,+1 513-777-4400,Papa Johns Pizza,"[{'height': 2029, 'html_attributions': ['<a href=""https://maps.google.com/maps/contrib/118057544156260719481"">Jon Schulte</a>'], 'photo_reference': 'AcnlKN25fXuCXEh2jBTaMYszvYj8MkZbIE8cy1oqIq67fZi5r_GUovAhHgFtv8IFu1SW4UZmSTP3qsAbXXrCIGyJ6IU6gjbvY4q-53E4OMw13c0Pq2z6NF0i0EY_FwTmxVXouQI9ZEbTJ31jZdKpDKLxJuPxmiPs-wCzUSC7Wi5A3K6ONClQSgVz2qgBaywQgixTkBfe8R9-FGQWhqx3INFDd2mVb2bm_ocnl99bEo9cbHtBt-CmNP9Pmn37SeHgq3PcdmHC4bpO3y42QIlMgb0dGXHJz8Uy0PIyO84ocxwEPMFTYgihiAQLuR6acA84xf0ut6GpORJ4D7z5krA74SwsrFLbXIXBlOsoe-LygsdnnHM6W8S1yIG8ZH21DBRXoARrCYyABwqS7FbIc6oagKbTI7h62ndgxH7NVWQeKtQMCLrz3DREQsquUGqD135yP6mfVSIUJ1pDawgye5tliSB53C_HGxhBk4ZW5RohsaB9W4cLsJCoBslvDbBIES9yKsJf7TYUeWbJiBd5rPxZzho0grgXRuLg14ROWaDcu8_OXaRM8tsi6zS8wqNCzn_LiDva_MRWwY2Kchys4jsgwwQ7FPLZgbH_mMkEzDUK4Gvwk9uXQW-N5DpxX2wNeH1u7xnpsBscYg', 'width': 2029}]",ChIJ2Z1xY4BQQIgRy4K9Tq62P0E,1.0,3.7,ChIJ2Z1xY4BQQIgRy4K9Tq62P0E,GOOGLE,"['restaurant', 'food', 'point_of_interest', 'establishment']",241.0,"8103 Cincinnati Dayton Road, West Chester Township",39.3496986,-84.39582399999999,39.3509916302915,-84.39440826970848,39.3482936697085,-84.3971062302915,True,"8JX3+VM Olde West Chester, OH, USA",86FQ8JX3+VM,1.7792240611161803
OPERATIONAL,https://maps.gstatic.com/mapfiles/place_api/icons/v1/png_71/restaurant-71.png,#FF9E67,https://maps.gstatic.com/mapfiles/place_api/icons/v2/restaurant_pinlet,+1 513-870-0150,Jimmy John's,"[{'height': 4032, 'html_attributions': ['<a href=""https://maps.google.com/maps/contrib/117411882634682124624"">Nicholas Roeder</a>'], 'photo_reference': 'AcnlKN2UpmBN9tA3_14rteiUDostbnE7k6Ecnm7xRxM3KXmnV-mzWMGSoju0Q6C7E7yriT56HXUmkJ1MIJY-hR0aS6R0ujZg4p4sMHo9KxciaoD6qFtyppiDS5YnmKVUc2u405QnmHjEEveQVwKh5paS8vRm9MvDNzJraUc9Fx-RMzLGjYyBRdeLVcNV8tv7AIe70-MfWpf0EEzPbNZiiT9ykPTqJEBsOB09G5kzI1zQVIb0n0FA1l_bfZW9QlqO_KckMhF8Id-nccFaY-tlJsrgeNAkxKcXZFmo_sv5geIkkjZxjwnm-9Pi4DGcl-7gEquZBG4f8bJiRDFlgCk5RdtFFzeUDJPOtTyPqEYuVtiWoKEavjz9ga7DDzlt7E8Zk6Z0ct0FYBik1SO1CX_Icwg0B99GOqIR6udJ4-oQASotKxBjvY4cybu9UIEVXSqrn4MLxm8QtG6JfudxsFZHet8rQpoLHYH-2YknlQwkfAT1a3OICwnaPnwRitFay0rzMoXgwFTk-ki4chL3W-cbI2tiHtgdEZZdY_ScleJIPbt9G9xIUgCcXPcaiuk54DNwLD9R-_Ogd-ToEh_J9nd7Kd1gvZJH629zj3lejuu3lXYm8zCHrEXhhsFOKqeYwjQV0lpoa9nEZg', 'width': 3024}]",ChIJkahEhSVQQIgRmkAChX0zuU8,1.0,3.5,ChIJkahEhSVQQIgRmkAChX0zuU8,GOOGLE,"['meal_delivery', 'meal_takeaway', 'restaurant', 'food', 'point_of_interest', 'establishment']",169.0,"9239 Floer Drive, West Chester Township",39.3232416,-84.4320786,39.3246875802915,-84.4307148197085,39.3219896197085,-84.4334127802915,True,"8HF9+75 Beckett Ridge, OH, USA",86FQ8HF9+75,2.746285754593975
OPERATIONAL,https://maps.gstatic.com/mapfiles/place_api/icons/v1/png_71/restaurant-71.png,#FF9E67,https://maps.gstatic.com/mapfiles/place_api/icons/v2/restaurant_pinlet,+1 513-942-4074,Applebee's Grill + Bar,"[{'height': 2252, 'html_attributions': ['<a href=""https://maps.google.com/maps/contrib/105966264210090503681"">Kae Salyers</a>'], 'photo_reference': 'AcnlKN0JINLdbYJcAPkz9HeSmZDyu0OCs1OdAxQ36nr9qlIDNq6Kh0enfeemlhQZH2RGRa5NjGSbog6wOtn8AbkSG0Hq_FDcDvirXYJMVYyDzzVasvniUKcw7g7PPD7s97iQzXiPRDMmYOrJ9fZUSDrNhIX9mnWFOB5IjtjTKzfIGABrBW3vV2qkk7iRONaTJOqJHLdi7QSxFr3y3TyEHd4B7hI02lBn5qlFJzjZsVqE9UdykFeO0F3XiR18MPxVKnFuwUXjKDpJP5YcRDwj3kr2KeyqsqUiTs4_4AUnqjzkBdONeoQU72abJWKGPIev3JSYuRhODoLEyGxSuv9p300P5tLWp3zjFsaIkU11cg3QlHbKJVDxK63t40Q10shtYyftL5Jw0uqsZ_aBbowgcse36hfbSD0D-9mMdxKvLwKMlPDQrtZ5RyhD6aOiM1nO_wv05bSYAuBg1RoU7y6uWkDpGyFl37ycMxtW0jE3tHEA3u8s23QPmfT7WeHN2qwEQovSgVOLQ62fKKM9rLZH66yOfHxrzSrhKanexXOhZGETfXqwsroTBBICrEv_vKel9099-pPRTv6kx7bM71FIs_lEmts_qSPZwbU2KKIUHbIsu9-DUTKEvAeVDLH3MjEubgN_SbnLGmV_mgiZIGxLXhZNGnXN_UM', 'width': 4000}]",ChIJ26f2aCVQQIgRRc1Zym9YY4g,2.0,3.7,ChIJ26f2aCVQQIgRRc1Zym9YY4g,GOOGLE,"['restaurant', 'food', 'bar', 'point_of_interest', 'establishment']",2000.0,"6084 Muhlhauser Road, West Chester Township",39.3230987,-84.42927379999999,39.3245466802915,-84.42784406970848,39.3218487197085,-84.43054203029149,True,"8HFC+67 Beckett Ridge, OH, USA",86FQ8HFC+67,2.544965510198382
OPERATIONAL,https://maps.gstatic.com/mapfiles/place_api/icons/v1/png_71/bar-71.png,#FF9E67,https://maps.gstatic.com/mapfiles/place_api/icons/v2/bar_pinlet,+1 513-860-9463,Wise Owl Wine Bar,"[{'height': 810, 'html_attributions': ['<a href=""https://maps.google.com/maps/contrib/101097366547979688933"">Wise Owl Wine Bar</a>'], 'photo_reference': 'AcnlKN1gEZcpk0mm2Q0I6qNEQjnVctpS6XyKew4aITFcWKy1OUJz81g3Gz36lR6_VqjC9xLb3DChZqi7pXOO3fDDHq9BuqFkNQrbngs787nteaBeZdTk7jqD8eIM3iIuA81DwJFkiGLRW3fMcuzhYyhZ1ncEKzqkl-QU4MXqiuJeHMdRR-r2QB29LhxNOzcpCNHrAX7zg1_sM_KXKvWZAuAg6Q9CTqYPhumEo5-w1GwQX3b7Esf5LU7Yt-_Q33uQ8IfHlSulRPgPJkCbtJcJDINw8kiHhatOsg8P-BvwHCTTMBglTcGeX8I6LlgyMLBnl-0kFX02iv15mmo', 'width': 1080}]",ChIJI-Ay0TpQQIgRQ10ovSnzT1I,2.0,4.5,ChIJI-Ay0TpQQIgRQ10ovSnzT1I,GOOGLE,"['restaurant', 'food', 'bar', 'point_of_interest', 'establishment']",383.0,"6206 Muhlhauser Road, West Chester Township",39.3260015,-84.4275739,39.32740688029151,-84.4260867197085,39.32470891970851,-84.4287846802915,False,"8HGC+CX Beckett Ridge, OH, USA",86FQ8HGC+CX,2.261031423425424
OPERATIONAL,https://maps.gstatic.com/mapfiles/place_api/icons/v1/png_71/shopping-71.png,#4B96F3,https://maps.gstatic.com/mapfiles/place_api/icons/v2/convenience_pinlet,+1 513-777-4816,United Dairy Farmers,"[{'height': 1693, 'html_attributions': ['<a href=""https://maps.google.com/maps/contrib/104912200168554138896"">Ashley Turner</a>'], 'photo_reference': 'AcnlKN2veQwDaF3-u7_kvl7YgYj55enHO1GKuYv43FgfuoUYa60be0x8CICuJJxbpXE--wHAYVEJxihFbgutplqSwdoRDBF5HAmcWRyAH50eNeRa49EbB4OzBqacMtJ5JycXTCt0T-YbGRu_WraTIB8uSF6RPOORKvQNKa2bEDj2UdifzOXUtWmHKXMbDGED7AYRQWML8VrU1KPOksdJe5voZTr1l0z1Mb03Mhm1I0W1iM_KG07P4-4w35DuHWtoI2lWlxdh8V3zXWJfpqchawDpPOR9X6zqz5bcr0nGC_nYZikdPKOcxYNxiY-pGKqnuK4z8kTFEXAgR06fcpdjuGfCE2yVmnIUNd6T3-i9RwpENg-mGcrN-gvkmWqAmlpqc5ej47e870zauX_xAdTbX0hrzkQTbR4HWMDNPRIg5L9SOWjjHN0MZqtt-9FvXpZJk6KpGebZ9arE13fUgr4OVVMGrRBYmc_F8fmVq7mf5z8ZIO1Zr6dUhv5nhJaAjr6UnKJQeAsDxnZ_DJdLoSpiW6cGA4JdImDDJcCk0j0a-nzeuoOh63N84J8B4i1FAaWq96ZCDsXBaZ4h85qU4c6R_BGwepA5ulwBGLGvXDhdMVwWn_aus2R0EivJMCsETzcVgYBinoEanMl7', 'width': 3024}]",ChIJx-5UT0RQQIgRDb_61Z5cikU,,3.1,ChIJx-5UT0RQQIgRDb_61Z5cikU,GOOGLE,"['convenience_store', 'atm', 'gas_station', 'bakery', 'cafe', 'grocery_or_supermarket', 'restaurant', 'food', 'finance', 'point_of_interest', 'store', 'establishment']",82.0,"9100 Cincinnati Dayton Road, West Chester Township",39.3245609,-84.40991079999999,39.32590833029149,-84.40867531970848,39.3232103697085,-84.4113732802915,True,"8HFR+R2 Beckett Ridge, OH, USA",86FQ8HFR+R2,1.2672251953280131
OPERATIONAL,https://maps.gstatic.com/mapfiles/place_api/icons/v1/png_71/restaurant-71.png,#FF9E67,https://maps.gstatic.com/mapfiles/place_api/icons/v2/restaurant_pinlet,+1 513-759-9999,Thai Taste West Chester (new management),"[{'height': 3024, 'html_attributions': ['<a href=""https://maps.google.com/maps/contrib/117713904798115615215"">Thai Taste West Chester (new management)</a>'], 'photo_reference': 'AcnlKN0f_cSGrYF1AMN13afo2gTk2n1KGG_tNAkupMP8GWbsnhHlAGGAHvmife711p3ifekRKSvDQ-SeTet1vNIbKEjHynCja3JNoXlQeMnyawOYvXfaqdYZ68N_Eq8Xax4vey6nNPt1lUl3sOU3KH_ZwU7U1mhglTpcm3AFSO_iMVD7FVeiuY4S43jyueazqcDSQWazSVMtMxcS-vKWZbZ8cuoI32FSyqe0eTysTtpvL57Em7SSiriqa1wKseFfjnOccCdYHcahGuXHPdqC2pv8DABDyrxvWRsAt7v9lkz7-StswJ5S9j4Mr-nozfoPOAzuSGqUMGf1yWQ', 'width': 4032}]",ChIJ10vI-n1aQIgRwD6XHolzgoI,2.0,4.3,ChIJ10vI-n1aQIgRwD6XHolzgoI,GOOGLE,"['restaurant', 'food', 'point_of_interest', 'establishment']",240.0,"6892 Tylersville Road, West Chester Township",39.35786999999999,-84.395551,39.35917798029151,-84.39431691970849,39.35648001970851,-84.3970148802915,True,"9J53+4Q Wetherington, OH, USA",86FQ9J53+4Q,2.644775294450066
OPERATIONAL,https://maps.gstatic.com/mapfiles/place_api/icons/v1/png_71/restaurant-71.png,#FF9E67,https://maps.gstatic.com/mapfiles/place_api/icons/v2/restaurant_pinlet,+1 513-285-9211,McDonald's,"[{'height': 3072, 'html_attributions': ['<a href=""https://maps.google.com/maps/contrib/107118209476936173487"">Matt Hurak</a>'], 'photo_reference': 'AcnlKN3aZxEDjcZGs-vuvTA2exkdpWkEABoALOFEUAQzWV3Q0xXSTWYVI35NN3qIr1KMaMC4ru5cymWZXmtbdXbh9fokq3ou6tvqaYZlFX8zTlZ7XqNzZdVaeTqzQPFIzjbzTuVd5V_9DgdWtp7Q0mmOR4oAte0JXXIlGZ3GCCc96R_8svF-tndfXfFm_RDcZ2oIA-pmSwQiV9NqnpGAchQxHzuMwelUnZ3p6E0Gc1Mmiq9UfEqKJ8F5DJRUVnT889wItjtLM0onNXviYdoYAKrTaHSB2P72v6DkGU4xWdpOzDlIh8N_CS2fYT6l3xIqB9xKduoeyuEixJN-y2dkSkxMst03KgdAghO2T14PQ8BLktlvb9d8gz_6oGuDpwO4A5FNWOLkQcSsobQGJtpNcD6sI_QJomVIfTscBN0_MNnRivo9E4jctSYtehS6PUfa3YOv4Cy9x-1x9pGvmi80gXS0FNOGMuuPtu1dJMpwiwa5NmsuoZAth_pRjJ-72HKDyPUUSGyPfusRhEDm_QAqIIbpujCdGzoTzF0BapASj8_NZU2xzgQ3aOwGfvE3226OcS8NSLvxoShrO0N8IRsyFefjR8rBmtl_ph1VNZD7SN54WTwfHI_qbZzFzGzjhMH2qmZ0EMEIZgSWVpdd4YUJ-sRQQReFoqg', 'width': 4080}]",ChIJ8yHLYCZQQIgRQq-336ZkugU,1.0,2.8,ChIJ8yHLYCZQQIgRQq-336ZkugU,GOOGLE,"['cafe', 'restaurant', 'food', 'point_of_interest', 'store', 'establishment']",1572.0,"9160 Allen Road, West Chester Township",39.32528169999999,-84.4331194,39.32668243029149,-84.4318377697085,39.32398446970849,-84.4345357302915,True,"8HG8+4Q Beckett Ridge, OH, USA",86FQ8HG8+4Q,2.7277420833588195
OPERATIONAL,https://maps.gstatic.com/mapfiles/place_api/icons/v1/png_71/cafe-71.png,#FF9E67,https://maps.gstatic.com/mapfiles/place_api/icons/v2/cafe_pinlet,+1 513-847-6127,Dunkin',"[{'height': 4096, 'html_attributions': ['<a href=""https://maps.google.com/maps/contrib/104163519966074356371"">david o</a>'], 'photo_reference': 'AcnlKN0pUWECKPLRuImNpOiVtkFvLqaN_x2zeWe4-Ld5tI1xNzTJ5VcLvJqd0Z_6vXMuTJjVfA6lhIYrsdntMrGHId1tB3-57zKD_juLzsCD5vdscky9GRKVW82oTfF1GAwhRy1otc9nS0FDH-vccUMWbNePKDp_dCIBdE-HJGT9QsAPDzGBSlHvAfsE3zZHN8KCLbNkm_MWhhw5iZsgUnFQg9i-F78Zggg9D8u6UMfaDkzYy7iWxGqASwnVmxw1Wo8mBDXRSJP5RCO4U2PwUtKBCA0V2-1EhLzNZ-zEMoK3WOHGE702lXRdyJPd_Hsp9AHS3PO24Zjqckt541h64vVZuY7RwZcU_r7VOkvW1dLOHTmgqDAX-mKJGyBNFyKWMVCa2tDDzEna5e2CAGPx_XgJGMCmJEPyMPoiS6JqNltPtiaNFrtUOqweNZbXABnWK0lmEQsY-PehUAnHrj5dKzj1PeGE8YQXdu4BelZ7nHUOU1NJfx1X9jYnVbxnVweH9MunCgYCRUoU4Irgcfxrbz7fiAiywzl2t19-IK2QUpJwUGzI-Z5q5xKWlns5_EaobI66FmvWUBwhdgb7JiYR5eg4Ep9PZ2_Ak5R1_UNiLP8he6UpmA5L2LyDDiuFOWOeb2EBVFAgfIcUxNbBbQjPQ6pbExcoAOY', 'width': 3072}]",ChIJG8u6YodQQIgRP4UQM84BNNE,1.0,4.2,ChIJG8u6YodQQIgRP4UQM84BNNE,GOOGLE,"['bakery', 'cafe', 'meal_takeaway', 'restaurant', 'food', 'point_of_interest', 'store', 'establishment']",514.0,"8315 Cincinnati Dayton Road, West Chester Township",39.3447583,-84.3963875,39.3460890802915,-84.39495401970849,39.3433911197085,-84.3976519802915,True,"8JV3+WC Olde West Chester, OH, USA",86FQ8JV3+WC,1.2672665301823578
OPERATIONAL,https://maps.gstatic.com/mapfiles/place_api/icons/v1/png_71/restaurant-71.png,#FF9E67,https://maps.gstatic.com/mapfiles/place_api/icons/v2/restaurant_pinlet,+1 513-777-3237,Tikka Grill,"[{'height': 4032, 'html_attributions': ['<a href=""https://maps.google.com/maps/contrib/106529337115467401271"">Tikka Grill</a>'], 'photo_reference': 'AcnlKN26XbH-pbCav0Py_6KPQRclxeIa0lg8OazGjH_FE1Txg8EuQVqL2kXYAubF0JhHk8fYJhmm7rJd1bte_1aHIhAEnf7KtFUU_mpHBc04F3uaBMQo_Wkv9Q3xbxWgmSoX1iAkZay6Xf2BN8EJluqHShA9myXDsPizoiAj53YfmASxzRJxQ_Hn5B1-Ct2VannKQl6mAsRIDkXb_lahDXaa7EOHjNAzqRnk1X7CN2QQjtAcQAIdW0phlGqbUWwpg5CdC8MMp6UxZVch9yfw0-gBRCX3fMYDpeKzmjMtJJ_bYrMfKF_mUoyLENS9RljGeREZMkHRBo0u0C4', 'width': 3024}]",ChIJhek3q4BQQIgR2lxtUOAQu-E,1.0,4.6,ChIJhek3q4BQQIgR2lxtUOAQu-E,GOOGLE,"['restaurant', 'food', 'point_of_interest', 'establishment']",887.0,"8231 Cincinnati Dayton Road #400, West Chester Township",39.346696,-84.396197,39.3480390302915,-84.39473476970849,39.3453410697085,-84.3974327302915,True,"8JW3+MG Olde West Chester, OH, USA",86FQ8JW3+MG,1.4634478506012882
OPERATIONAL,https://maps.gstatic.com/mapfiles/place_api/icons/v1/png_71/restaurant-71.png,#FF9E67,https://maps.gstatic.com/mapfiles/place_api/icons/v2/restaurant_pinlet,+1 513-759-1872,Subway,"[{'height': 3006, 'html_attributions': ['<a href=""https://maps.google.com/maps/contrib/111416633869380665393"">H Wms</a>'], 'photo_reference': 'AcnlKN3hqq1-tVsCsGlTJQD1tbo8o8oVc909flwimUBvXbD5GOKWU3kONZfxsl0MPLO7guaZFhXNUh_Z4FavwsKYghJnJ-5HwrdujGsyUC-aWM-m0gZsYSUGawKZTJGPZKvuvIL3TxOpWliYicR0rMvU8XiQiuBjOXM3jzZlB_NRinimnOZgmxi35in69aVegwXnsvhNe4gmxq34eRFX8M_QU54kbs1MEXo8t5xyTKQr6M1gtW-WZclkONn1vX8XX8oa8Coj6W78P-MVIkgCQsdPNxpSAwlRIsMAfpyWn2n8kNrWnkJrr8TovxbtpYyJ_F_Y3T6zfFil_M1UGeh726oxrIkeNQ_PhTjPpXAZOOzZnCN-WYUSupwsSGotmzSiqU5erlY3Ve4p-j9PPcRPcCG2z_F-NbKim09ZA9wApXcXo4oQ91FH4haiZL1JUQfsb8Rksh-q7105gwYEGoor_IJ7hU-I9W8uMErt6BpKw1-7uPwUXFPNDf1LqtKjDtf7JtjkVpLKPQJAkH4BlEShMwkUyV5SLoqtI2RKEqHpwcqmtfawHqDyfEpS5CxW6XiqvPbFyrmy6Ds9-n2dTRFd2GnQmj6_44v6xRDMMOBfNHvS6q1YdKolKG4PaHnxI5yyOWOm', 'width': 5344}]",ChIJibK0HKRRQIgRYxhXD7X-ECI,1.0,2.9,ChIJibK0HKRRQIgRYxhXD7X-ECI,GOOGLE,"['meal_takeaway', 'restaurant', 'food', 'point_of_interest', 'establishment']",79.0,"8288 Cincinnati Dayton Road, West Chester Township",39.34538970000001,-84.3925144,39.3469776802915,-84.39155221970849,39.3442797197085,-84.39425018029151,True,"8JW4+5X Olde West Chester, OH, USA",86FQ8JW4+5X,1.5199659790499336
OPERATIONAL,https://maps.gstatic.com/mapfiles/place_api/icons/v1/png_71/restaurant-71.png,#FF9E67,https://maps.gstatic.com/mapfiles/place_api/icons/v2/restaurant_pinlet,+1 513-755-6418,El Rancho Nuevo - West Chester,"[{'height': 1960, 'html_attributions': ['<a href=""https://maps.google.com/maps/contrib/116778932102887378271"">john rowley</a>'], 'photo_reference': 'AcnlKN0A9JOcWBBbq0WsBxQToSZcEmOvwOpLxxdl08aQaO3aGuVDAOM7p-aMxas-NZAI3jEO9vxypv7_qYXYrQ30uqHeUnL1ORg8XUg8zmUhSpJcEB96JCXO6O-9I9YY-h98Devew-nz__hmCfN8nCI2NK2vaw8fHxdNmNJY3p6oZD621u9I9Q5eeSKOJSiiGoBPYUsMi5ryZCxocA5kJiEuuaTiEXZbwTNoKTZeRQKuAmB6MZNY9esOxcX8VC3Yq62iXAaG1HX7eNv9XPhax2welFd6BW91F4_oQCbKvcppojxwkX1DTt3u0RCCfDbymQDxArBw1aMorAuBjykE8rTgwDUBkLMxxbQu4e1O9C7yUvRL5rRcY7H2fCfCpsIzPqwRVW6wCvnjlv_gKsedxTs92lcmTc6iToL5pc1oT2bwXSHWRrTI03odRfdsw7AThOdPbs7et54bbnk0QDVCpwpgHrNvLBDFHY7Jf-Jom9RodD9Im6i7rYBQn_fTWepVRQgSItfpkJeHC9ruxlbRiKOpeRzZe8aBaTVc9fDV_6lxIibrue9r0waDmgak-uJiuxBmMEtPczAiEVlzZI3tsQ-IjAzpuhSsyPmHnBUoWLmYjjh5WJQl3zz4842f5aggOTqGQygkIQ', 'width': 4032}]",ChIJw2EtjoBQQIgRF3gd1uCnZS8,2.0,4.3,ChIJw2EtjoBQQIgRF3gd1uCnZS8,GOOGLE,"['restaurant', 'food', 'point_of_interest', 'establishment']",713.0,"8111 Cincinnati Dayton Road, West Chester Township",39.3496544,-84.3957784,39.3509798802915,-84.3943773697085,39.3482819197085,-84.3970753302915,True,"8JX3+VM Olde West Chester, OH, USA",86FQ8JX3+VM,1.7762676208892023
OPERATIONAL,https://maps.gstatic.com/mapfiles/place_api/icons/v1/png_71/restaurant-71.png,#FF9E67,https://maps.gstatic.com/mapfiles/place_api/icons/v2/restaurant_pinlet,,The Bistro - Eat. Drink. Connect.®,,ChIJ_xLNoDxQQIgRnvkJbNUN2jw,,4.3,ChIJ_xLNoDxQQIgRnvkJbNUN2jw,GOOGLE,"['restaurant', 'food', 'point_of_interest', 'establishment']",8.0,"6250 Muhlhauser Road, West Chester Township",39.327869,-84.426032,39.3292331802915,-84.42472786970849,39.3265352197085,-84.42742583029151,False,"8HHF+4H Beckett Ridge, OH, USA",86FQ8HHF+4H,2.054149573111591
OPERATIONAL,https://maps.gstatic.com/mapfiles/place_api/icons/v1/png_71/restaurant-71.png,#FF9E67,https://maps.gstatic.com/mapfiles/place_api/icons/v2/restaurant_pinlet,+1 513-330-5050,Sawasdee Thai Cuisine & Sushi,"[{'height': 4032, 'html_attributions': ['<a href=""https://maps.google.com/maps/contrib/115097142716350022485"">Sawasdee Thai Cuisine &amp; Sushi</a>'], 'photo_reference': 'AcnlKN16xXnCBKxZvgv1JA0Bge3HU1jSMOafVwTcxdebeWaxB7XiJFmp-3oOlzy0zyevqWgllzsdnTGBtWHu_fLEvH5y_tovwEHdIG6ynWVOncOlGY3FD3Qms8tb-7qKC8KcBkjFkiSkQwdKPnBVg9w49Bv1MUJvbK6QXs-CRZJ9-_UteCHunhue6KLgt-lYmyai2wAfeR7cX1uY4yExaLxFtX_-6H-N_-cF4yele3FikWem4qrvPIeNWtoUYemFJMuAYF9LIao1wcpDL1qqgY7BsLLhS21Fhn8n_-1CKREldIZOke7cye3tRTF3FWbxQKnRyB42_if1p0M', 'width': 3024}]",ChIJdykPsR5PQIgRavqIMOcDygs,2.0,4.2,ChIJdykPsR5PQIgRavqIMOcDygs,GOOGLE,"['restaurant', 'food', 'point_of_interest', 'establishment']",592.0,"6064 West Chester Road, West Chester Township",39.3292153,-84.42446869999999,39.3306116802915,-84.42319816970848,39.3279137197085,-84.42589613029149,False,"8HHG+M6 Beckett Ridge, OH, USA",86FQ8HHG+M6,1.8742940907053371
OPERATIONAL,https://maps.gstatic.com/mapfiles/place_api/icons/v1/png_71/restaurant-71.png,#FF9E67,https://maps.gstatic.com/mapfiles/place_api/icons/v2/restaurant_pinlet,+1 513-759-4300,The Original Pancake House,"[{'height': 426, 'html_attributions': ['<a href=""https://maps.google.com/maps/contrib/109935630239425673578"">The Original Pancake House</a>'], 'photo_reference': 'AcnlKN31ik8J1NWg3je-G9Bei_LK-W69SljcZgWtsWEfhVWNmPSo5tRZ_LhGNP8ya7BCKbKxeo1Rmyv5CxymjVHxmOQUjohv01IeIwlD4jep2gR5ZSMt-EzhjHikq7XQku1HHMx3L5ATZwJXipjIFviNeQ-YWy8KS96dLk_bVzh4B2o4Aljlxyd0vyONwdA5T76hKDbFCjSXs-uO16MlidsrHuQxSWxAbHCprSIM8MXsdMoJH1pKqKfzueIDKJJGeY-RPBSkeBfF54PwOpVkSgBJnVyDqshftn9YA9cUg5mlukiWDwcigOBM1JkK_t-QP1w5t1ZzEgiyTtU', 'width': 640}]",ChIJU_OMpzdQQIgR7x5xMGv3fiE,2.0,4.0,ChIJU_OMpzdQQIgR7x5xMGv3fiE,GOOGLE,"['restaurant', 'food', 'point_of_interest', 'establishment']",1300.0,"9403 Civic Centre Boulevard, West Chester Township",39.31992950000001,-84.419865,39.3213430802915,-84.4185764697085,39.31864511970851,-84.4212744302915,False,"8H9J+X3 Beckett Ridge, OH, USA",86FQ8H9J+X3,2.161092202241116
OPERATIONAL,https://maps.gstatic.com/mapfiles/place_api/icons/v1/png_71/gas_station-71.png,#909CE1,https://maps.gstatic.com/mapfiles/place_api/icons/v2/gas_pinlet,+1 513-942-2026,Shell,"[{'height': 1193, 'html_attributions': ['<a href=""https://maps.google.com/maps/contrib/111596168530510261563"">Shell</a>'], 'photo_reference': 'AcnlKN1t_8JCaReLMcwLKZ2LrmASM_vzAwouzzYGUMzEVVt_pJjQ6B4GzHhD8_BjRuzbk1_GZAb7xXwHdswkTUzCIXqfly6VbxoHfMklCLbvP03TZ9ZZbQk7YrchEyfCHxCLmaKpNJd8vrgsxCOdeN7lRIekE_-xfKkeVokNc-UXCgRafImPI2wsKPtw8mqEocICKyPzHCN1JuOEcB_gx0ig_UfoseLvoXvty26aMZkMI6JwbgYCyj3F4NgWzPS3FVBXULNV7Bk0KvyxjIPx1-jSIvSCLq0s1eO7PA-E6w1vFNwDjoyfXtZueDuP-A6CxEwzR9weIYnR5rY', 'width': 2119}]",ChIJS590LCVQQIgRoswTJmGJ6qY,2.0,2.1,ChIJS590LCVQQIgRoswTJmGJ6qY,GOOGLE,"['gas_station', 'car_wash', 'convenience_store', 'restaurant', 'food', 'point_of_interest', 'store', 'establishment']",75.0,"9370 Union Centre Boulevard, West Chester Township",39.32457999999999,-84.42800199999999,39.3260012302915,-84.42654661970847,39.3233032697085,-84.4292445802915,True,"8HFC+RQ Beckett Ridge, OH, USA",86FQ8HFC+RQ,2.3673437646745454
OPERATIONAL,https://maps.gstatic.com/mapfiles/place_api/icons/v1/png_71/restaurant-71.png,#FF9E67,https://maps.gstatic.com/mapfiles/place_api/icons/v2/restaurant_pinlet,+1 513-942-5100,First Watch,"[{'height': 2268, 'html_attributions': ['<a href=""https://maps.google.com/maps/contrib/114563923877838777662"">David</a>'], 'photo_reference': 'AcnlKN3-ZfFA8PcAf3nMzU-e8idrLElxTW0D3YpblzppmzuIZy4nU0g6jChzQ2_iFbyNucbej_XI00JwO8ABEaPInu3faiEHd-0Np17oi0KynT74MeM1Hxd7p7ELvLrusnsjkUrBhlMsfWuSXN_cpPSV9IL9MtUbpLnja_uMfIv6cBfJVKXve-Nl5opkO0CRV639gWkTRnOojrbZbMa8fJcxgrCojLoq5Y69vj2KHxoWgB4yyEGXhmbfWagoMNpCv07y6gYH3Gd9Q9tdHP4iyp3z0m1eZ9058XbDrC58qhi1YaXiyOMeX5mBM8n7QLhihg1Uoz39NbTZHxbPnvQaYcjJdEvOgP1hZRSzfvDiYhiVnJBjlgEP_k_segrJzVDWlwdrinqoVuOLiRXXa_ZPvxoU_bCBoapal3WLmiV8pHnPfM9ksgd1W_DXtkMogGEuDiYR4xFfVBCCNaDVtuCg2MwDsnrPAVGBD9DSM9AcG-SfcoC5MqHgx2MvbJ59TTn-2HF6kG8rOk9-FMSOmD09xnEJ4DtrM29a0y7lZDe_1kQ-2kGIw3tKFSIJIwiQMGi5ajjHiNC323-GL02T3v2ElSZdq1BX6m5bmNgUW3f2TvNTc3FkjfUBjWRm1iMWUSwv3eTiMopXYw', 'width': 4032}]",ChIJRSOMmiVQQIgRntdR8BHKfOs,2.0,4.6,ChIJRSOMmiVQQIgRntdR8BHKfOs,GOOGLE,"['restaurant', 'food', 'point_of_interest', 'establishment']",1502.0,"9233 Floer Drive, West Chester Township",39.323209,-84.4318641,39.3246625802915,-84.43046051970849,39.3219646197085,-84.4331584802915,False,"8HF9+77 Beckett Ridge, OH, USA",86FQ8HF9+77,2.731813896791024
OPERATIONAL,https://maps.gstatic.com/mapfiles/place_api/icons/v1/png_71/restaurant-71.png,#FF9E67,https://maps.gstatic.com/mapfiles/place_api/icons/v2/restaurant_pinlet,+1 513-860-2083,Subway,"[{'height': 3024, 'html_attributions': ['<a href=""https://maps.google.com/maps/contrib/101547607260385954606"">Aubrey Backscheider</a>'], 'photo_reference': 'AcnlKN2YUbg8Mm-DQcjUyUqHhqP4YIhFuujJFNJRQPPhLoTQ1slXOZ-5DMrhaRJ0UeJEsbUegvlSiv2CCvBH6LVeC9LWgKO9aS8qNss-yd5KUdjadbKXdD0hxTCdQpVI7QqT9wDhOwKQxwmgbctqJPPSnu0GkX-wiTvcaUsgLr25iaUCxeg8Qm6fJteMNth3VHudwbdHHCHu2gCrq-h6XpS3y6tCoyMQex_L7yPB_zs7CzpRbg3bz4bq-Utqvtst3ti7qzS316lEJtGyn86kFjpTJ6VzvM7vIAHpx11Hkc5AncQQ2oXSyoglsBfKQXBn9YgCCN0OZWQB9WNYFL-5fHN3iRulEBmLzjCPxEwILwml9ht4FclCD7Pe1mjGMoAPeJeSXvkFu1_vRSRmpHk9gNSgETPrUP94pawu_Es1YSfghnGmGUf8AP-awV30LlJFFzQfhfp8jeFBbv5ycuDR6iEMeA0AiPG4G0UOMO4r4fgkhWYCxs-opwHrYM5Y732IXtMrmdq8uiXcHJ7-_mTW5lTO_tYkpV_9iXF4S5umZXMcXrEr9B2q6mkhyjJurkdEQH679AGfFzWcG08yI6WNZlJpwwEc76fe8emVvdKIwVGvobGFtsBRmBfAD6E7eYILyPpPJAFPxg', 'width': 4032}]",ChIJYXArYCRQQIgRPdmn9d0CW1Q,1.0,3.5,ChIJYXArYCRQQIgRPdmn9d0CW1Q,GOOGLE,"['meal_takeaway', 'restaurant', 'food', 'point_of_interest', 'establishment']",125.0,"9100 West Chester Towne Centre Road, West Chester Township",39.3264688,-84.4303783,39.3278275302915,-84.42914046970849,39.3251295697085,-84.43183843029149,True,"8HG9+HR Beckett Ridge, OH, USA",86FQ8HG9+HR,2.459116074250117
OPERATIONAL,https://maps.gstatic.com/mapfiles/place_api/icons/v1/png_71/restaurant-71.png,#FF9E67,https://maps.gstatic.com/mapfiles/place_api/icons/v2/restaurant_pinlet,+1 513-860-0143,Thai Koon Kitchen,"[{'height': 810, 'html_attributions': ['<a href=""https://maps.google.com/maps/contrib/100740708054004362498"">Thai Koon Kitchen</a>'], 'photo_reference': 'AcnlKN1BahZ9lTXLZBO-0SMlghR3Tf2wLRz4bDpQII8rRMZ_GkdhkI9Q1hLqbmkX9hGD56ilpOdPETCDM-qpKYY1vRZux9G13QxfUo9c7ZsqxSaCs1ocLYZCt8PuFGXN8AyZb33UUHv-2i7nUVCchoVFrFHkbHFA4db0gl9pZJgioOlruVTbYCt13iZSTOHJUzRcNl7JvqyhiaWNCBJlozws_hT-DySsv03CDY60VB7cCJvG1TxSOaucejfSPwyA0buoP2E-alkGjXxsfpQZnjONOjCpBbYW7qoBZdFErg7V3g9qwZetMhnfKGazKCyMX_CUdlY3wRyMDs8', 'width': 1440}]",ChIJp8MaYCRQQIgRywJ37lRdqqg,2.0,4.4,ChIJp8MaYCRQQIgRywJ37lRdqqg,GOOGLE,"['restaurant', 'food', 'point_of_interest', 'establishment']",820.0,"9114 West Chester Towne Centre Road, West Chester Township",39.3263357,-84.43042990000001,39.3276590802915,-84.4291765197085,39.3249611197085,-84.43187448029151,True,"8HG9+GR Beckett Ridge, OH, USA",86FQ8HG9+GR,2.4689507712685765
OPERATIONAL,https://maps.gstatic.com/mapfiles/place_api/icons/v1/png_71/restaurant-71.png,#FF9E67,https://maps.gstatic.com/mapfiles/place_api/icons/v2/restaurant_pinlet,+1 513-347-1111,LaRosa's Pizza Lakota - West Chester,"[{'height': 3024, 'html_attributions': ['<a href=""https://maps.google.com/maps/contrib/117748880723007308814"">MineforMark</a>'], 'photo_reference': 'AcnlKN3hut8lZGStljws9vcLeZJcazxHIwKR32tx53MF_bX-ry1Ums37c3wEbLcWaMwQdzk2zNjh8OgMu4VQL_BxvVbQhuzin3lH23TQnmGeQH-BzpxacQPb7kbro9Shgdi3HVE1PdUhYvFD1M8FfvisX1JbF0dAaZ-zaC5XPZV30fdCHdBh_RDLjFPXoBNXXl3AUzgZ6qZ0o7zyb5IFVzVeqXeIac9Ag2YDfl7QAduLWI1PLiuEVGtut4aaKFc8Pwx0opTBFG-SMzxH6JuGQkog4vQ4vBctYpjfMdyi4EhljFGGT-gHHyxJ1JOIhquz_nInDUCeioH_xH8UEARC_1usWxqp5rsJiI6iLuSywtYJfzw5VOHIgUREJ_qdxC5cOFj7JKI0YhOwrO7uatKIvcYXmezdp_solO15S3xM_V3bQXYNWkIo5qPAbxRq0W3qvbur5it9at6ZBD7pRYqSx3f23wWhMXEDFdYBIHMbaI7pgOAA5fehQmsrAE-ATiqD0ZZTrtMvqxoUqTL8sUbatWG7GLxaZaNarOu7QX7Hm1GoWcMvzKiEy6za6csPuph7BKU0x3YVbsICjbhyn_lUlVxebXV4nngM2Ouk-FPgXaw1lvW5usxSrJk1lGOMnv0TMPVYsrvDAA', 'width': 4032}]",ChIJcemoLX5QQIgR2gRUT7ZtnNs,2.0,4.3,ChIJcemoLX5QQIgR2gRUT7ZtnNs,GOOGLE,"['meal_takeaway', 'restaurant', 'food', 'point_of_interest', 'establishment']",694.0,"8120 Highland Pointe Drive, West Chester Township",39.3481899,-84.3936106,39.3496486302915,-84.39251151970849,39.34695066970851,-84.39520948029151,True,"8JX4+7H Olde West Chester, OH, USA",86FQ8JX4+7H,1.7173550889024083
OPERATIONAL,https://maps.gstatic.com/mapfiles/place_api/icons/v1/png_71/restaurant-71.png,#FF9E67,https://maps.gstatic.com/mapfiles/place_api/icons/v2/restaurant_pinlet,+1 513-860-0638,Tom & Chee,"[{'height': 720, 'html_attributions': ['<a href=""https://maps.google.com/maps/contrib/108342621128394830812"">Tom &amp; Chee</a>'], 'photo_reference': 'AcnlKN07oPy8R5GeabuiZMA-JzbbWJ0ah5eMjN-5v6E93ujnTCtaVdlgMyIh8UWk5WkpR_boHnV9aerWPU-6wdxlLlc1jVKveEKu56Ct2CPIrdaqQz4b0K08o5cAylFwEd51J1q3BMhZj6NnDMeZgJ272PKEdg-xKCohVdx8s4i9EfQ6U0CXyt3xF6G3gsmr6-bcesnFaA4SdQ9xUlZdPzCbxZBPrUmBZ7S8c7MKtq0CK5AGRP4aFp-en7nODTSJm_5hnSiZxte3I-j0VMvyLUktyuEF3HASZqTmoj0QhusI-FMuEtJ8DiDLxWRoMCo1vXkW8MgOZby1KSA', 'width': 1080}]",ChIJF6fCASVQQIgR1IU6BQ6Uxkg,1.0,4.3,ChIJF6fCASVQQIgR1IU6BQ6Uxkg,GOOGLE,"['restaurant', 'food', 'point_of_interest', 'store', 'establishment']",1177.0,"9328 Union Centre Boulevard, West Chester Township",39.3250313,-84.43012879999999,39.3262880802915,-84.42873756970849,39.32359011970851,-84.43143553029151,True,"8HG9+2W Beckett Ridge, OH, USA",86FQ8HG9+2W,2.5058441444232926
OPERATIONAL,https://maps.gstatic.com/mapfiles/place_api/icons/v1/png_71/restaurant-71.png,#FF9E67,https://maps.gstatic.com/mapfiles/place_api/icons/v2/restaurant_pinlet,+1 513-777-1700,Main Event West Chester,"[{'height': 608, 'html_attributions': ['<a href=""https://maps.google.com/maps/contrib/117120696920438116211"">Main Event West Chester</a>'], 'photo_reference': 'AcnlKN0C9IYSncZ7BE6B8-BpGWyWRj5CEYdiIWPNPNM51WUKAGUeH1ecRxpZsn0hU5Zmz_yEEofGnplu08Y20bk7BjCTM9jg7NRC9C7ZjlX56nBYo3yYGPhYR6EkqF5nEQifhesB2praYd5YRNeoPPI0SzRJJpj2iYoShozPAAZaPWwkDgtgE4we0K1oiKwA2YY_dXGlvkPcD3f9MEOgu-eJWGE4AbCtE37kKuxg2bGmyz756kuAfdvxg6tWGb3IPz4ico8mMC-rap93FGsrZWiSNs1Kdq5EmHoFYG0wyohNhQIDZYpIvh89i99sLsnCaxlcr8VnQg2wWs4', 'width': 1080}]",ChIJ9UpLPzFQQIgR10HiRyVzmgU,2.0,4.1,ChIJ9UpLPzFQQIgR10HiRyVzmgU,GOOGLE,"['restaurant', 'bowling_alley', 'food', 'point_of_interest', 'establishment']",4053.0,"9477 Oxford Way, West Chester Township",39.3177235,-84.4242775,39.3191024302915,-84.42299121970849,39.3164044697085,-84.4256891802915,True,"8H9G+37 Beckett Ridge, OH, USA",86FQ8H9G+37,2.594720112014431
OPERATIONAL,https://maps.gstatic.com/mapfiles/place_api/icons/v1/png_71/restaurant-71.png,#FF9E67,https://maps.gstatic.com/mapfiles/place_api/icons/v2/restaurant_pinlet,+1 513-779-2489,Chuy's,"[{'height': 3036, 'html_attributions': ['<a href=""https://maps.google.com/maps/contrib/108850350491982754709"">Bradley “Brad” Cone</a>'], 'photo_reference': 'AcnlKN0Z6q3HvF8VKYXa-j5j-KoDvr2rOMfuJwhmkLecnxWDRd3MGJN-8TPTitaoXliAA_Dfrn9NmOfzdRDEZhPUWVnT7UJ0QKTE2sOEsDuKlO0AZujQeH-xjEf7VsHFzoUzQQS1LZB1WQ0Gv9VYYV4ygFvgbxJG3QQNTEv0ESvqeffuQOwD0jRtzMirBEPPm49B3W4H8PmKVjgZyX1vcG3payKFsBmGXoxSmQ1nqswUNT8BPmUGMz4fM2uSwp-IRmM274FirbgY9TTUpLIgWu-_UnnOYTzD7WQXpkOM6pI9uz51tjE7Mhfa9H5wUpAiSedSwr2mv5bU2Te6ecddC2LoAjwCI0iFZQHQosnbDMrKwNkgcjTIheOutpGhwQpA4TBb2gguQtMyrau35qPBGa3LOALgJLaVCZFoXtig-Ho7gmgZuH0uypANa48H8DKkruMACoG8shmV2J3p6AyXeb45rF5DewCWRK0xW8ypL5m_Taz8QsJyMWQvrpobIKlNSyMDfNe9izmoNTo1U2PQMlro_qzzA8g3-NKzAtk7mUYzued28feLy9Zkyv3_k3nllZf0dDPlhioZSB10f8lnnHX1Vs6-h8POHxVD3C4jQQQpH4mXssByjVgc0Epyw3pO6Au0rTf4rQ', 'width': 4048}]",ChIJpR0t0TBQQIgRetfS74qRkd0,2.0,4.2,ChIJpR0t0TBQQIgRetfS74qRkd0,GOOGLE,"['restaurant', 'food', 'point_of_interest', 'establishment']",3385.0,"9538 Civic Centre Boulevard, West Chester Township",39.31824929999999,-84.4269307,39.31955258029149,-84.42546076970848,39.3168546197085,-84.4281587302915,True,"8H9F+76 Beckett Ridge, OH, USA",86FQ8H9F+76,2.712838775189292
OPERATIONAL,https://maps.gstatic.com/mapfiles/place_api/icons/v1/png_71/restaurant-71.png,#FF9E67,https://maps.gstatic.com/mapfiles/place_api/icons/v2/restaurant_pinlet,+1 513-779-7700,Sonic Drive-In,"[{'height': 3456, 'html_attributions': ['<a href=""https://maps.google.com/maps/contrib/103409805282208244115"">Jennifer Janevski</a>'], 'photo_reference': 'AcnlKN3V0z82fw6IfNYUJbPlfM4LpQDFEV_wlHePcJVFv0_77niGfD3ljUHiP5SUcY3BhVbbEEMtmRQhn2Lc57b-SoK7B65Jt_9rIpXT9Su8pYWU_-j0FkWdNqml9kIk3gmT3Cdn2WKvk73uob4lyyqSrGiztfdU5hFmjhwjN4jsSVtztEIrgpwPe75KfjkSspHOQGZaEcCsVKYcrB3sWZ9IebkcYnSBD2BgDbtkv-8kIObRD4LdGyN-wq5cVuNl6CWYWV-qIhcOGAD4aLy5XGJaiNTN8wLNc8rQa3R_yoXPcRlgd1PGqtpK6p_EO_rycaHP5A4jx-mCRrY7Y_XwCirYJX069dw7w1LaT_EPy_i7BX2CSyDFCovqRpz7N-MwTWQ1ABSqLdysRaCWVZ_S0Iif8Yf1-MbKpzQjCoXw0WmMjv9c3Yz_25BBsG9cViFByrZCa7g7ycoEAJMDJihjMRJOrejlYK6CGv8ZNtdrgWmUIwWhI-89fnDoHauALoLiFXoefZxmU9HEexhx2Fj6dP9lh6s26P490p81xXo0mbo1TN3vqVzU-54wL6A-jl94qAF1ib2XaQx2WZO-jg04sTbHxzwr9yD0adU0atGHC957Iy15JyVmDKfdQUS4id4A7nw9o5UMqw', 'width': 4608}]",ChIJPfhTSYdQQIgRuAO-rBy1Lak,1.0,3.8,ChIJPfhTSYdQQIgRuAO-rBy1Lak,GOOGLE,"['restaurant', 'food', 'point_of_interest', 'store', 'establishment']",1382.0,"8245 Highland Pointe Drive, West Chester Township",39.34622659999999,-84.3950797,39.34768063029149,-84.3936032197085,39.3449826697085,-84.3963011802915,True,"8JW3+FX Olde West Chester, OH, USA",86FQ8JW3+FX,1.4652061230428817
OPERATIONAL,https://maps.gstatic.com/mapfiles/place_api/icons/v1/png_71/restaurant-71.png,#FF9E67,https://maps.gstatic.com/mapfiles/place_api/icons/v2/restaurant_pinlet,+1 513-342-6249,Topgolf West Chester,"[{'height': 754, 'html_attributions': ['<a href=""https://maps.google.com/maps/contrib/118320948423275077388"">Topgolf West Chester</a>'], 'photo_reference': 'AcnlKN09yyyokP9ZuvVRomNTeehJRycx78tWacZ-KxpoUa-NG-JWyF9GpHTFjz1XcTL5XwApGJob5s1fSP8N-JBd9giVVE0BExZ8x5nEnTe0JbCXJ108p9urlMjI5Y0A49zxHyyQvyHvIFZvSHmKosAqom7_CYEIyFEcfz3-yy1j_W_SdXmwJFpkFtQ9EzeN-rlxUvMeLexxXxf9gjIUpvZtGeE_qvL7paYMA4g7QGjgqRU5Xa5FUTAd0G7RgXbhXaGQwZC6CtWz-imGQe94nm_eHgu-0TmTOrgbHK-YO4qqMz1r10cuunHECpZSEitHmr3Io-t0UefqDOY', 'width': 1000}]",ChIJUywVUjFQQIgRSqG4bQkLfm8,2.0,4.4,ChIJUywVUjFQQIgRSqG4bQkLfm8,GOOGLE,"['restaurant', 'food', 'health', 'bar', 'point_of_interest', 'establishment']",2839.0,"9568 Water Front Drive, West Chester Township",39.3161942,-84.42537329999999,39.3174105302915,-84.42416316970849,39.3147125697085,-84.42686113029151,True,"8H8F+FV Beckett Ridge, OH, USA",86FQ8H8F+FV,2.784347863618792
OPERATIONAL,https://maps.gstatic.com/mapfiles/place_api/icons/v1/png_71/restaurant-71.png,#FF9E67,https://maps.gstatic.com/mapfiles/place_api/icons/v2/restaurant_pinlet,+1 513-682-6684,Einstein Bros. Bagels,"[{'height': 4032, 'html_attributions': ['<a href=""https://maps.google.com/maps/contrib/100610417608913445329"">KP G</a>'], 'photo_reference': 'AcnlKN2yVYIgzmcX5MZjvYaHjQ6kEnGoUF2f7SlDRzz8gwEFweU48kOpdoDAYcvzbg1vom1JjT6lMklnPPkhjSqhavIdthxdCG0SD80t4_efdGIugxovrr_Y1q_bcm72hxgDNsrlbArrYUYh_RLGbKH3o_fHcG3AtQDuWhX7W0HEdN5EcOdibipo8vyG7XwzKovYTLGRRoFYsHe9OAUtJNpBGHTPUIfk3N_iDDEDE1nbzEXQz3EX584OR1TD8xEOsoGQM0Ub2bMCAWaLVamnUvM9eWxf_9YGz6Og6mm4X3V40N3P_NcR5al8J_2sHCQRLxh66hbV_cE00_0CZM5ITZDflV2n9K_GzCCXNHtNEqg1TQ4BSkNGFqaBIxVg36De1We4RPQPcFye1fM87zYhbktdjcGyoXKfdGm7Lp-rd0P1HS4Km-fJjOLEu9wWpk9OU_1LYH2b5wZwJ7VV1v_Oh1X6ojfvFkC0ofVDT4T8vXrwcb5tjtjIyo-osoDJP4FLZ8aWSJm6tCqtyJn56m5-Nydpq5Mk4fPXsTwsHEOD2ZMbPjLdEliedsdUTtTbCTXYFmNw8PQKbJrVP-jXGfi2rI3PKPPs-cvHpSyJEpyy_Ixu0FXYlvLTKxUJU-lKgS5NOQXWV3-Gvg', 'width': 3024}]",ChIJUz-gXSZQQIgRkvxoi1ZsbiA,1.0,3.7,ChIJUz-gXSZQQIgRkvxoi1ZsbiA,GOOGLE,"['bakery', 'cafe', 'restaurant', 'food', 'point_of_interest', 'store', 'establishment']",693.0,"9216 Allen Road, Cincinnati",39.3244956,-84.433981,39.3257581302915,-84.4326973697085,39.3230601697085,-84.43539533029151,False,"8HF8+QC Beckett Ridge, OH, USA",86FQ8HF8+QC,2.830884464790819
OPERATIONAL,https://maps.gstatic.com/mapfiles/place_api/icons/v1/png_71/restaurant-71.png,#FF9E67,https://maps.gstatic.com/mapfiles/place_api/icons/v2/restaurant_pinlet,+1 513-777-6228,Frisch's Big Boy,"[{'height': 1836, 'html_attributions': ['<a href=""https://maps.google.com/maps/contrib/103031320635760432819"">Ako Heidari</a>'], 'photo_reference': 'AcnlKN3cFxL5uApc5skSxWP3_QoDokdukKU82ox1B6E50ht9EUSi1G-fcWlk4OcZw7VRZCU-OcWjl1ZH41dXhWDfaJj97izZFikL_SCYdMtXtxXFm5Nl6kyx9eDfePiJtYZZLhpEAFLQsod3VmRqLbSKTuScPrJQMXTxbAMcx15rX29Uy7HcMme_wUzmHm2H7sx7qMnMV7Ftw_YICmQiu2Frpw5juEZP4AyVN_RpYU-4PsvxmOg-XEX7_cWTXAoIV5ZF7f9k-q4ID3P7lSjoD7E0TwuNcCKqZv8rtqBvBpOINN6edrK9V8I8u3Ild_koK8S9SM3IKJeNSNB6qBytCPUZhw7oqmWOiSbkknSR1xSg3fpmQD0FCZGrEM18B9J2rZrHRQstb53iawCG2qHw92L_uyg_-D5jz93FXPJRkBDcEpXKH6dZWScwdjN_z0t8BTXoXy77UjzNihdK2PmQ8fjWbEmxXKhpQi9kPRutPLRtVLZo_qh-plfKJW0TAuls8D57HCMrxzvhGgVprXPxlLY_2lRf4MRrJPb6jlLRraT2XNd2Bah8_0RpOlciaVb_Ou_357GFkHq_kf2poydlR5zsomAx58FoWbaEVfThS94bC7go8hYK1Mjjrbvy99RVP1S46zlZ_A', 'width': 3264}]",ChIJASOe_mJQQIgR5_AZ84-w2JM,1.0,3.9,ChIJASOe_mJQQIgR5_AZ84-w2JM,GOOGLE,"['restaurant', 'food', 'point_of_interest', 'establishment']",2062.0,"8545 Cincinnati Dayton Road, West Chester Township",39.3393167,-84.3988924,39.3408530302915,-84.39749306970849,39.3381550697085,-84.4001910302915,True,"8JQ2+PC Olde West Chester, OH, USA",86FQ8JQ2+PC,0.6506499777890017
OPERATIONAL,https://maps.gstatic.com/mapfiles/place_api/icons/v1/png_71/generic_business-71.png,#7B9EB0,https://maps.gstatic.com/mapfiles/place_api/icons/v2/generic_pinlet,+1 513-777-1830,Domino's Pizza,"[{'height': 3000, 'html_attributions': ['<a href=""https://maps.google.com/maps/contrib/108375767863368910146"">Daniel Behrens</a>'], 'photo_reference': 'AcnlKN1w6aVPeV-0M10TWBpreDO0JPiTqMaVWEBX7DapPsod4pcSxPHUPAY1xTq5Ho65Iao9QkomoxXSqaKbf2vi-pTPuOIeX-1k4628yF1WAjuCSW8ewOO4y0wqj80CaZpUCQgRRB6GMWyRgm4y3QVfD20lwbgUVgYhq86ZP2i45yp9ldXOVA9kAxK81M8erVaBbC5unMNkKBVYuf-BprvlRHBrN2-8pZO4Ex4XQETmIUOUC7O56-TnobkHbdDeqLRUhUoj5VrXX_cOOqYIVVKapUfAHDEbe4Rk5djz-64WD3qbITtAJmyzTfYfHwVP5vxXHt89jKkDbNo5nKema8yS419YWAYyJn7sGeJcUqZHFzI-MHmHA5Xf3ZWbXcjadY00Ed2dwHKs1mBAkWKm70TygXATYauZ7kcChwVxZuFpBFQ-6LymEF-7lwJkCBUA81ItPBOURHqkZDU4wWAQuDmOCcmCkcZ6Yjh3PnUKzBgd4_pHTSRG0Vq3v_pyHjvirYdEvhKfGfmUvIgkXmJS7ixGiJnilm9M1VNwMPlcxZyLqu-0tPk_1vQTm4zlESG8RMCArhiaIi2VW7XHCwx2K3VqDLjsE4mkHT1d84Nn3fbBOlKCIhV62Swt4zHpOU6OZ1__HiLhFbN6', 'width': 4000}]",ChIJE6106n9aQIgRocvFE9Gf9G0,1.0,3.6,ChIJE6106n9aQIgRocvFE9Gf9G0,GOOGLE,"['meal_delivery', 'meal_takeaway', 'restaurant', 'food', 'point_of_interest', 'establishment']",296.0,"8111 Highland Pointe Drive, West Chester Township",39.3494409,-84.3948367,39.3508239302915,-84.3934869197085,39.3481259697085,-84.3961848802915,True,"8JX4+Q3 Olde West Chester, OH, USA",86FQ8JX4+Q3,1.7886844325504203
OPERATIONAL,https://maps.gstatic.com/mapfiles/place_api/icons/v1/png_71/restaurant-71.png,#FF9E67,https://maps.gstatic.com/mapfiles/place_api/icons/v2/restaurant_pinlet,+1 513-777-5061,Fratelli's Pizzeria,"[{'height': 4000, 'html_attributions': ['<a href=""https://maps.google.com/maps/contrib/106497496247571843501"">Jim Harrell (LarderRoom)</a>'], 'photo_reference': 'AcnlKN3diA1tadUaFkF-MCkXlWhcLbdFEF4qeJYl9nCMzj9D2371SkdMKU_sF1zAk2KQ4_JQFgCvYI3fWm7vZmrE-N95mGLhn-0iQMk6IcOMtd7xC1DNrHwJYG0Gl-MhP1FDLLpYG_L1f7ZdWOiIa6Jv4ZGkBZu4dwh35EWSlQ1AEWaWcC6SCkB9Ljlv6aXhH1Y7iP0mRyf8To2HwdQOw9EGiNyp2iRp8rjwUee59pxYlY6UV59n1PZCp49OOqhOgrLj-WIFTHuYEEZlLffOJ07mGj6FJJqICOKL6ZL3fj7sX_uv9FgspkGCldquacph27IvgZPHVNFzNIz7lZhMhRtO0NbivqFNSt27zHIqSbzzs7iO-jdFp7USFK6CRf5oxkNavMB0I4x71qN34gSJa8K_tLDutMaEdRct0_nhbpDMFjtEF71OUFYrNgwuKqLltdRot5YHM6O3K_JOX-vSOLvzv7ILJJsdF5wwWTZXZq50zGvwc9TdvEzXTatFLZYFXSw3ZzerBW2gv7LH7cRGCklsPGF_FS8zEeWA0vG_Ys30upQNs8vLuSGBjVYz1xKzxpsQjN-ch86SolgPXxkFQbbVlbCVvBsuZE4CzVWD7w_Ur3zD_npdzHtFvt0-GjwiANiz', 'width': 3000}]",ChIJOat18H1aQIgRYHz0SSPPu6Y,2.0,4.6,ChIJOat18H1aQIgRYHz0SSPPu6Y,GOOGLE,"['restaurant', 'food', 'point_of_interest', 'establishment']",626.0,"6890 Tylersville Road, West Chester Township",39.3578325,-84.3956666,39.3591613802915,-84.39437486970849,39.3564634197085,-84.3970728302915,True,"9J53+4P Wetherington, OH, USA",86FQ9J53+4P,2.6380486911861722
OPERATIONAL,https://maps.gstatic.com/mapfiles/place_api/icons/v1/png_71/restaurant-71.png,#FF9E67,https://maps.gstatic.com/mapfiles/place_api/icons/v2/restaurant_pinlet,+1 513-755-9888,Asiana Korean Restaurant,"[{'height': 3000, 'html_attributions': ['<a href=""https://maps.google.com/maps/contrib/109886607054745926266"">Daniel Park</a>'], 'photo_reference': 'AcnlKN3QrTUwoZnQ_LkGcx_GjW26zw6oVXbUyTEnrmxoP-rX_nOyFXBwRzVW-jOUjrGDuPjhsPkqUBpw-GRzIrYLyHmapHdwPZ9EHaFrhV067L_ibCyX9Ixsv51NBMgTTFOvV4Zg5K0QXL5tW3g5EVIzYyo59uO8pVV9D-7SAJW0ul-GJ7ZyFz4mU23xIukqWnTe5UecT416An6KiCXQ3j8kvCINEASDjgCiA-n4EBR12v4jpMalYfsGUe1HLp7Dj3fXq2IeCNc0hutIgCeN-jo0nA7w4hetQhFdFbe78u2FY-XYnt8Ubbdgl9cbsvQDsR2kn61Q66ZO2elybHOPR7pocVi85lO9sQG2X4cYgmoJoC7eUsgOxnLG9JX9dQWUtjObtt59B9lqfRGjtnaAuf__boRFh6VyZWHD40SZQfEEOFxofe2vTD48vlatrENyiVmK6AUUjy1ZUjDXYRWbXK4cVVuEIDzqt9IUaYNRwuazbTdHGFesO7v5iphLOZ2J7dJsjAkxJoNIw8fSYsp8eguND37CQGcovccxDpnRF3ywK-FJqAV_nNCsS9eiNmochSIHW3ILqYInCcb65ENnMaiyRy7nLMXzD5wrT5YE0ETpQcOnrcAefy-GvmFHJyq98w_-EI5rjJw0', 'width': 4000}]",ChIJcemoLX5QQIgRRZUGTxlkxbg,2.0,4.5,ChIJcemoLX5QQIgRRZUGTxlkxbg,GOOGLE,"['restaurant', 'food', 'point_of_interest', 'establishment']",367.0,"6875 Fountains Boulevard G, West Chester Township",39.3483909,-84.3963151,39.34978238029149,-84.3949176197085,39.34708441970849,-84.3976155802915,True,"8JX3+9F Olde West Chester, OH, USA",86FQ8JX3+9F,1.6290702019575405
OPERATIONAL,https://maps.gstatic.com/mapfiles/place_api/icons/v1/png_71/restaurant-71.png,#FF9E67,https://maps.gstatic.com/mapfiles/place_api/icons/v2/restaurant_pinlet,+1 513-860-5300,Skyline Chili,"[{'height': 3024, 'html_attributions': ['<a href=""https://maps.google.com/maps/contrib/103276856936820075858"">Max Rigsby</a>'], 'photo_reference': 'AcnlKN1586gxspI9_Sk3t2gOxdHCLbZx8Yc_b87CUFgl5huk9hBKHrI7nwiZij3XLEI5pd4HeTtSew2jL85NvQmLuTdopZDNCTD0qUuKKh9tVHej-_YK0ooNOQ_jjy6BipOHG5CBaV1ESeGsUq6D-ksbJPwA-NmirzU2JHIfJuQ3za8h22h48VoBliufd0ih2lR_70ej5cxVSdm5MVeRMCE_Nve3mVfMbySj4Lb5HkInxBzHRVsOALPaNYyTXfKssmGOGfIXX-sgQb5cBGd1C3o7E6BeTfoB2HOlePtOILVKRwJBs_uEl529FQJYRSbMyxwkdBhIzLqjSu9V05XqbAc0udvEk-p6S1AXBJZ3paLj-lWx4PJwucEd69PIP-3_n2y-ls8ZL07NxR7YqVz3xoTFXQY-XuwoypRqheQsKH7_N7ehLcM-6x3DMfhpHJlQ01A0kSadWAEvZ5TLqa3F6xJG5Av_bFSC1QcbbqHOVto2pYgFflo2mJAEwEkaVYvRFrtAkwaq8BBNRSy8Nd1PIDKeTT758PueIR7S0pJgFpS9fcZnBT08ux_RrF1-DqLPGd8nppQEIGIWCRwOOyzywt7Fmsx9mC4QeZ4LnMLO-gXz_2obS7kemAS5XgwsV2vQ6hgdQNQ1aQ', 'width': 4032}]",ChIJiZdtaTxQQIgRp-73fbw39eY,1.0,4.5,ChIJiZdtaTxQQIgRp-73fbw39eY,GOOGLE,"['restaurant', 'food', 'point_of_interest', 'establishment']",970.0,"6098 West Chester Road, West Chester Township",39.3284157,-84.424307,39.3297246302915,-84.4230136697085,39.3270266697085,-84.4257116302915,True,"8HHG+97 Beckett Ridge, OH, USA",86FQ8HHG+97,1.8938124837131212
OPERATIONAL,https://maps.gstatic.com/mapfiles/place_api/icons/v1/png_71/restaurant-71.png,#FF9E67,https://maps.gstatic.com/mapfiles/place_api/icons/v2/restaurant_pinlet,+1 513-991-2195,Wendy's,"[{'height': 864, 'html_attributions': ['<a href=""https://maps.google.com/maps/contrib/114653869685168591249"">kellie blackburn</a>'], 'photo_reference': 'AcnlKN32Ke1DVDqK2_QNue_yUp2L2pIxZ1IRUtReiZ5nSADY1IJ_saY3-2OxXPbZN-V76e_vZLZGzMEp2ASwOinf2oCngz3hhQWMMl4HcWF5oCTO4TEQpO6DSY119oIC14HuEwDap_FLdBNVGvmlFeYK5Bolqc1ed9pGJaaxkDioW8gZqhArtHzXnwrNnlsYdzvUAcX9_ZZI-JfA3WSk-Lw9dKMZKyL53oeY9GIXbAEELwbu1ynu8RUU0cT0oST7YEodTIaejGO6NwzgRdtMbxXotZGFGh0Efgb3oYNVBrUo_N6wwR2oO9UfqFA_skmI9oFx9Ld6SMAYxmiEJiGUDLyeCR_Of9uBOm0O0YljRTVuhjnaeukhwUOIudno31tqUishrkvNfecxcrHdAgzNthUkH8pelEZsTL7Z6F6z9gt_Hohc6JnOCgnRD3eWl9U9CfvIn_QkD16yzdQKewgCUlj1rF8THWH3q_b5Os43ww2RIjo-BZ9oPwSShFrnDKqgmF5kjJq05vanMYcVVczYy6Xwf2XpkQhB8s-wAITU-e_ubAiEIUyVKhvMBot4YB3suaiZBfo2nX4XyNTtCzPRkT9TR7916b1e06jLta3Jwt5uwg0zX5ZLKG9aAwrDUu6R5RcIetMYSlKJtkdAP1CrOYzjYU49R78', 'width': 1125}]",ChIJq3uJdIdQQIgRl1fpKoAANxo,1.0,3.7,ChIJq3uJdIdQQIgRl1fpKoAANxo,GOOGLE,"['restaurant', 'food', 'point_of_interest', 'establishment']",679.0,"8324 Cincinnati Dayton Road, West Chester Township",39.3442995,-84.3951838,39.34556338029149,-84.39386636970849,39.3428654197085,-84.3965643302915,True,"8JV3+PW Olde West Chester, OH, USA",86FQ8JV3+PW,1.282228200245752
OPERATIONAL,https://maps.gstatic.com/mapfiles/place_api/icons/v1/png_71/restaurant-71.png,#FF9E67,https://maps.gstatic.com/mapfiles/place_api/icons/v2/restaurant_pinlet,+1 513-755-6031,Arby's,"[{'height': 3264, 'html_attributions': ['<a href=""https://maps.google.com/maps/contrib/102184293327447848708"">Dave Mulligan</a>'], 'photo_reference': 'AcnlKN3RaV3GWywiCUKzJnyhT_Uw79HAAlrju92pLEXkp3zpHhuTHNZijY-CYXSCuv77eemFGH8Vc7Zaq1IPywfpXx6HiK5wesoKPYfSqpYl7Kp6P-BtLvibqYW9s57Wq934Tf10ajfBq0LncDI56ki_6VNJtYqBrFops-35JaRixK-I63S5uGl5EC14WBpxFl7E0S5ke34Cw2iDxIGsxRqfxlSfSXgYm2MuehY_pCUqsvM-q0FIOdVKjpZkrWy28KU56e6IhGEG4aXfS_-EXosmfA_1FuAgoKvylN4px1BLytEXwmcBFxHGjKh0BzYUBxkvAt_bcdi3ZRZ3dP8Zw3iUn4k4oVHTW-Bbi_5PmRs6BqgCamblKsf0n_xqgO6ZBI-Vk2U_GZwYe-NIq_K0xpEUA9NsEIOg8w4qpkOU_TAWvJ8eWbjsvZsUBnMvOgvQ6gOYL-af4z4Wrt6aSyxfTSZb3EUjoqUQGK_aEozGcRncq82wEhDc0RYZSfyPdi3GqGahH8Q__Gj8cffnxdnVtdTDuHtjRECjgs4NwXMcDYZlZBGsU_LJ-WW1-umLlIwIltwWLOOn8FZeT1muKZxS2g3jbYJqqv45eGrbRSP-uSclLccwXQ13tT1AAX8wUWdCinv5EHC0qK5n', 'width': 2448}]",ChIJf5CTl4dQQIgRU94P8b_43aQ,1.0,3.8,ChIJf5CTl4dQQIgRU94P8b_43aQ,GOOGLE,"['meal_takeaway', 'restaurant', 'food', 'point_of_interest', 'store', 'establishment']",331.0,"8382 Cincinnati Dayton Road, West Chester Township",39.3432418,-84.3952189,39.3446622302915,-84.3938561697085,39.34196426970851,-84.3965541302915,True,"8JV3+7W Olde West Chester, OH, USA",86FQ8JV3+7W,1.1874970659181152
OPERATIONAL,https://maps.gstatic.com/mapfiles/place_api/icons/v1/png_71/shopping-71.png,#4B96F3,https://maps.gstatic.com/mapfiles/place_api/icons/v2/convenience_pinlet,+1 513-777-1059,United Dairy Farmers,"[{'height': 294, 'html_attributions': ['<a href=""https://maps.google.com/maps/contrib/118047058526883811068"">United Dairy Farmers</a>'], 'photo_reference': 'AcnlKN2THFJL8RGKxZtRZSPS5Rj0A7BfRmHgH-Ptyo-3XInri_G5E07T0AsKgAWrkgvAD-R0lEUTU8UVdr0sd6GVtQQa_5ZInZ4RDJz5K0fqnSqK6cOZX0Ab7HWhKnQlgpOIIYNMGbJH9EBCufEqgAvp9Jhj8t3eGR487jS7kQ5FWZVASug-j6ijKUxJ_EqQYEYsNu-i15JuJRb3mD2vep9msPxfdzerHbCJlz5ny3Ikgh1x3fXks5EalV05KF2UC_S2W9k66Rhl7jCKlmIVGa9iCH_GdKrEUWtgax1_4KQ5gAQNCW4TrGgJv76WjZjFsS3YPZg-qnDZ', 'width': 600}]",ChIJl0tCXIdQQIgRq2hImHB6ugU,,2.7,ChIJl0tCXIdQQIgRq2hImHB6ugU,GOOGLE,"['convenience_store', 'atm', 'gas_station', 'bakery', 'cafe', 'grocery_or_supermarket', 'restaurant', 'food', 'finance', 'point_of_interest', 'store', 'establishment']",46.0,"8295 Cincinnati Dayton Road, West Chester Township",39.3457861,-84.3963903,39.3471409302915,-84.39512961970848,39.3444429697085,-84.3978275802915,True,"8JW3+8C Olde West Chester, OH, USA",86FQ8JW3+8C,1.36628034819776
OPERATIONAL,https://maps.gstatic.com/mapfiles/place_api/icons/v1/png_71/shopping-71.png,#4B96F3,https://maps.gstatic.com/mapfiles/place_api/icons/v2/convenience_pinlet,+1 513-644-9343,Ameristop Food Mart,"[{'height': 2349, 'html_attributions': ['<a href=""https://maps.google.com/maps/contrib/114574294959111380839"">Ameristop Food Mart</a>'], 'photo_reference': 'AcnlKN3uyLlKQCMF-sOX67hADdY8hP1bcQv8Dfk3jDTb-tgF6Wl364SpZb-MbpDOMWY214J23fNCNAjoqdLsgwCv-Rrev5tjmBGRZluWj7CS-4AMgqQEpLNSS0SRrDS7nX6CLr7W5oewYrBu9Xd7hPUxPwzPHJ6kUK2yunU-8lOpoZBLapF7raGfCm6oPxDLzXjInD7Y2dBV-rebzgHqLcNT0-KltdjBot_-MbzOxjatoBr2AIjnGRzNAUsW43S6j7hLa3o3YOAfRNsBz-ibduc14pthYPnwU8DMNoD4A7-uC780ukne2TvxjokfoTadCeOPFl5MPPvFUpY', 'width': 4017}]",ChIJ8R17qUJQQIgRqpgSVxBZ0Qs,,4.6,ChIJ8R17qUJQQIgRqpgSVxBZ0Qs,GOOGLE,"['convenience_store', 'atm', 'meal_takeaway', 'liquor_store', 'restaurant', 'food', 'finance', 'point_of_interest', 'store', 'establishment']",7.0,"8865 Cincinnati Dayton Road West, West Chester Township",39.331444,-84.40711999999999,39.33276308029149,-84.40587561970848,39.33006511970849,-84.4085735802915,True,"8HJV+H5 Olde West Chester, OH, USA",86FQ8HJV+H5,0.4778645173698568
OPERATIONAL,https://maps.gstatic.com/mapfiles/place_api/icons/v1/png_71/cafe-71.png,#FF9E67,https://maps.gstatic.com/mapfiles/place_api/icons/v2/cafe_pinlet,+1 513-644-2548,Coterie Lounge & Cafe,"[{'height': 3024, 'html_attributions': ['<a href=""https://maps.google.com/maps/contrib/102474937392669449648"">deep usa</a>'], 'photo_reference': 'AcnlKN3HX9HRDHD3opvw3VdTnqagy2S0p9_HEu51LAEag9CuzDYxyX_CEdvPntgHoy_sWPFEmJ_rxeU2m7dCt7OgvP-lQ3ZjYpoJWfNKUNUoPBSzMR4lJRQpAIQezWUKl8sXC9ru4uIC1UydHmM-nYEWxWRZ-Gx87SdXLUp_G0CWrA2eOKTlqQwVyE1cjIeq8yljQhDdgLEI0I5v2rRS3bE-PbUp-O0C25BIRJqPddZmJfbdKBcjGaCCByl5q79DQ6Su5omBtG6jrtKGlNMQmYRb1eyg5WgymS5ZAIXFxRdqULqNXvzA8jXpeZwPC8KOWwy8kaBKIBGZmQLPe8MoWBgW4f5fNIANWNW_oBa_pRNTKvSCu_yYXuIWaj5nuaCF2UbzeqV2tgSVnuPhUht4Ha7EwpEqVgA4qr1FSA9LpchYpoHNKlY9fxIG2k6aBCqDWu-urCiGp-af_cDaNDZq7cirKiWZ7bafGd9MePMbFv096uY-wJFv-vYS1top6OdQ_OEGjkvAZ_TjcnjhNZNuF2WFm3zNYPvZpI3gbt28xDiy32HZVR0CHhqsADe2_5ix5UU0sseCuTcEkY65VcSY_p-TF9Bx3SYe46KCMBlzTwhjc9wLbMPs4Y1mNcleIHiZgMWpPo0TJzih', 'width': 4032}]",ChIJKYywaIpRQIgRY0T5NR8TDdo,,4.9,ChIJKYywaIpRQIgRY0T5NR8TDdo,GOOGLE,"['cafe', 'restaurant', 'food', 'bar', 'point_of_interest', 'store', 'establishment']",121.0,"8870 Cincinnati Dayton Road, West Chester Township",39.330944,-84.40694099999999,39.33234513029149,-84.40566456970849,39.32964716970849,-84.40836253029151,False,"8HJV+96 Olde West Chester, OH, USA",86FQ8HJV+96,0.5170960228687378
OPERATIONAL,https://maps.gstatic.com/mapfiles/place_api/icons/v1/png_71/restaurant-71.png,#FF9E67,https://maps.gstatic.com/mapfiles/place_api/icons/v2/restaurant_pinlet,,dip n dip,,ChIJT1HQCwBRQIgRycFSC3VBBOw,,,ChIJT1HQCwBRQIgRycFSC3VBBOw,GOOGLE,"['restaurant', 'food', 'point_of_interest', 'establishment']",,West Chester Township,39.341965,-84.406761,39.34435825,-84.4055778697085,39.34116725000001,-84.4082758302915,,"8HRV+Q7 Olde West Chester, OH, USA",86FQ8HRV+Q7,0.8100544582009702
OPERATIONAL,https://maps.gstatic.com/mapfiles/place_api/icons/v1/png_71/gas_station-71.png,#909CE1,https://maps.gstatic.com/mapfiles/place_api/icons/v2/gas_pinlet,+1 513-712-5496,QuikTrip,"[{'height': 339, 'html_attributions': ['<a href=""https://maps.google.com/maps/contrib/117396644887094724004"">QuikTrip</a>'], 'photo_reference': 'AcnlKN0FY1cH97NNptfDdB4E-nv5RkhsQBXAXx4FCRG0di8Ktvxr0WZayqSUFacZ0KG5CioogDBeXEXf7NVKoLOlPCHiUG6Cx0YQMYEdzWW6q7uPSXOgAjEMwTxB1x-ldDDrVc8OJoOVgB7vszsMzifPzbPPXZa2qcmXR7k-jaHMIL0WXCHCfy8ZCAn-sJg3QqQG1vG2cJESO9dDDjuVYoIq0OhkGMu5KPTF8onnuuSBqC8PJWj7LYgO5DZa3PUqMnoAeeuNZFFmxQub4fytbNrAXb-nvDcW1VU1TkCbJAQ3LtIN7DBKMYaFHq2NQ75_RX7HHnqbnpTSlSw', 'width': 600}]",ChIJ3dHTFABRQIgRK75aimUjY_s,,3.9,ChIJ3dHTFABRQIgRK75aimUjY_s,GOOGLE,"['gas_station', 'meal_takeaway', 'convenience_store', 'liquor_store', 'restaurant', 'food', 'point_of_interest', 'store', 'establishment']",34.0,"8335 Cincinnati Dayton Road, West Chester Township",39.343925,-84.396198,39.3453230802915,-84.3949072197085,39.3426251197085,-84.3976051802915,True,"8JV3+HG Olde West Chester, OH, USA",86FQ8JV3+HG,1.197946368406101
OPERATIONAL,https://maps.gstatic.com/mapfiles/place_api/icons/v1/png_71/cafe-71.png,#FF9E67,https://maps.gstatic.com/mapfiles/place_api/icons/v2/cafe_pinlet,+1 513-860-0093,Charis Coffee & Creamery,"[{'height': 480, 'html_attributions': ['<a href=""https://maps.google.com/maps/contrib/107865406070734128655"">Charis Coffee &amp; Creamery</a>'], 'photo_reference': 'AcnlKN2RilOGMcZ_Kfmxhl38y_RSeDe8_SXX12f1LwlFVpWM6RAfYrRVsnJ7lhrGCGs6P-luYg0wNDAmdHIrnNGumrveN9mPimkVhzKPqJL7tzIroxAlW80xJBfcnLyFDvoBjkgpDwx5rvdHVVn9DO4u3n5IbSgN-nZijCfc_-QMzUJchRsbVdZrO7pCNNcjvYo-M5oSwebquKmRZDQylicF8qRQhSntWR-MAsRa5wiUIjMABdqNQL1WHXCMIsaUynS3xGAjK4MP430iY3qQy0fv4wfP-w9w2VqraTos411vTI_5y-nvADH4gC3LplT0fZiSD5y2u_JEn3o', 'width': 640}]",ChIJ88DZ72pRQIgRhZz0o247HY4,,4.8,ChIJ88DZ72pRQIgRhZz0o247HY4,GOOGLE,"['bakery', 'cafe', 'restaurant', 'food', 'point_of_interest', 'store', 'establishment']",297.0,"6096 West Chester Road, West Chester Township",39.32866509999999,-84.4234623,39.3299729302915,-84.42217356970849,39.3272749697085,-84.42487153029151,True,"8HHG+FJ Beckett Ridge, OH, USA",86FQ8HHG+FJ,1.8160880070225576
OPERATIONAL,https://maps.gstatic.com/mapfiles/place_api/icons/v1/png_71/restaurant-71.png,#FF9E67,https://maps.gstatic.com/mapfiles/place_api/icons/v2/restaurant_pinlet,+1 513-779-8880,Dragon City Kitchen,"[{'height': 1376, 'html_attributions': ['<a href=""https://maps.google.com/maps/contrib/105119603152910130640"">peetre</a>'], 'photo_reference': 'AcnlKN2fZoXsomnrt8rfgs9fSTn_kmjRCO0Ltu-VK0SXML8jNFYfaxRlWeI9PvNVPzhpZ_YYRVGK-mvm1e46K9bGjYemP7B5yO6OTWnS1dJsr0bB99PbCvoTm73jMD6b57r-WUmLigdJWqZrSSB0gGV7QPHzSCQNWxG9w-5e3FKWnub2IgbfwZ9xrgd5TrMQD0Air_d00YoJ0E5pK9jAeI206DPmmbJFHqYmJaTPIocnkIb8gYPYTOMJclBztrpFcEddr2mHKuF6plWLwrlhwXQLiQsk3uF85_pm_JgyOJ93LNHFlG97i6OlsP_WrXwv5BdVbRpmrTEbq9PTu-mcl3uGw0NqYpjqwNEKL-5gTqDn-H7HtauSalB69fG914vS_eiTBrGjcaqgF_DWC_amphlI7KRkWi9TD1nhWQYG0Zv6T48DBQmmBaIBOMf-NT2rXjsMLpmUQfZu3lr6PcKEtldD6p0eLebOPsMoHAFUQQP1Zp7hF7mV9h5q01Iph_9MR5oMKNoXc8BwppCTVNFE1z0agVDpW1tyCSs0Q0q1ds-RISSV51ekv-qCnesV7z_kQczvq6ZAS0TP9GOZu_ePXj_kP1TB8A2OUZnWuckTntY99MlmniILkGEYUDxScCGIg-Hr', 'width': 2448}]",ChIJVxfQV4daQIgRUCnd5dIqcFw,,4.3,ChIJVxfQV4daQIgRUCnd5dIqcFw,GOOGLE,"['restaurant', 'food', 'point_of_interest', 'establishment']",237.0,"6838 Tylersville Road, West Chester Township",39.3578807,-84.3964585,39.3592261302915,-84.3950257197085,39.3565281697085,-84.3977236802915,True,"9J53+5C Wetherington, OH, USA",86FQ9J53+5C,2.6255642888540858
OPERATIONAL,https://maps.gstatic.com/mapfiles/place_api/icons/v1/png_71/restaurant-71.png,#FF9E67,https://maps.gstatic.com/mapfiles/place_api/icons/v2/restaurant_pinlet,+1 513-755-1234,Q BARBE Q,"[{'height': 1536, 'html_attributions': ['<a href=""https://maps.google.com/maps/contrib/110054230582458793222"">Q BARBE Q</a>'], 'photo_reference': 'AcnlKN2mu2_j1Kqgxn9CgnIKt7dEpW9eHP2bYPO_UmzOGNkyW2qWbzmJGDOrScRSc0n1-1iveLS2eIhB2_7SxF5J8nsbfbhsY-ch4shuL_fOWDXzMh4BUIxO6JPSy0Fxn1G7CA3bhA0ACd0AcWYgXtGalunSFt11mOlP2NdR2IYLljD7qYaGqA06ZN7pvDlFaTrDXGClmkBa_0fjgIHgXgBxVAftxMEGvI1WWlJNxFjWNy_3CCzweD7eQJAZv5uP5cSW4Kshm5Ixp6srmSmiQIyLOtTB33F8EZc7AqEzlm5wU00i7jVhMgnzD4Z0NLiKtFgD1RwVAY3UmUE', 'width': 2048}]",ChIJk9fv1n9aQIgR2WaY6Y_aHeU,2.0,4.5,ChIJk9fv1n9aQIgR2WaY6Y_aHeU,GOOGLE,"['restaurant', 'food', 'point_of_interest', 'establishment']",843.0,"7967 Cincinnati Dayton Road suite k, West Chester Township",39.35375949999999,-84.39613039999999,39.35516733029149,-84.39472581970848,39.35246936970849,-84.39742378029149,True,"9J33+GG Wetherington, OH, USA",86FQ9J33+GG,2.1929873182945716
OPERATIONAL,https://maps.gstatic.com/mapfiles/place_api/icons/v1/png_71/restaurant-71.png,#FF9E67,https://maps.gstatic.com/mapfiles/place_api/icons/v2/restaurant_pinlet,+1 513-776-2002,Chick-fil-A,"[{'height': 3000, 'html_attributions': ['<a href=""https://maps.google.com/maps/contrib/108375767863368910146"">Daniel Behrens</a>'], 'photo_reference': 'AcnlKN0QJSvb_dIATcP6Ba7oLYKVCGl0xHQdeiZn9zhgMcdz5yorQcSKk2rrvsnSpHCkUXYrA8en4BM5fB-Ck7Qz8D9DfukeVzGTNQSs33kwfW4fGQ0lioBAWV1qqajZZ4gPq4ozcfqvVAZHtcvx3S64LROOXALQ-DP-LKsuKv6CWR8E_CxUuE-BP7SMEv41XOyuJgzzFcdzOMM6UwylPyTk3oocILkdXjncWT672eyu3sGHfnLnbTH03753UpnlJEhZ4M5rgdXKw-6CTvGnlHkSHiNq5lcj4DDwueVEBbvCbfT2WBYgUY0qgWuS2LMFpf46h-ltrnBJCf2c5MUwkxu6kBg2zlAwYji7VlPrN6PCdoIWrHsav3DKoXXsmIop5lytHAVYs6GAsXhN-ftaIjDrc4RwymS2WFz9eaoWynWsJStHW8-8Fp7hQMx23UII53diGDdOILkvT0lUxeJc14yqKWqfDVhXPml9LAyyHt-r3B1H71cutmvTrw_MY8DHS0JNy1Wam3_zuAQHAGoqXMMtyHl4UjDYAEAsQTOrvOktxG6BDcO9vwVntGmwsyxkkAfieeyJbcNpMK2MPOlZfCAnneO8gtsRqNTKLIBVMBXRU5Kt89bCdWOLqINsqYvrR229lxZnY-ahtA4Jha0_RDKkKg', 'width': 4000}]",ChIJh4h7UABRQIgRNZmDMovVHwA,,4.1,ChIJh4h7UABRQIgRNZmDMovVHwA,GOOGLE,"['restaurant', 'food', 'point_of_interest', 'establishment']",44.0,"9414 Civic Centre Boulevard, West Chester Township",39.32056969999999,-84.4215028,39.3219008802915,-84.42003566970848,39.3192029197085,-84.4227336302915,False,"8HCH+69 Beckett Ridge, OH, USA",86FQ8HCH+69,2.200249171997114
OPERATIONAL,https://maps.gstatic.com/mapfiles/place_api/icons/v1/png_71/restaurant-71.png,#FF9E67,https://maps.gstatic.com/mapfiles/place_api/icons/v2/restaurant_pinlet,+1 513-847-4929,Smoothie King,"[{'height': 800, 'html_attributions': ['<a href=""https://maps.google.com/maps/contrib/109104437537543271206"">Smoothie King</a>'], 'photo_reference': 'AcnlKN05ryQbDyEK2cmQwxrUX5iNn4IU_qMTBYODyf45MD8JEUl9aXraF4z--D2iqS07w0Ma3AW4I0WoZquwMvhhgo0Uve3cnHkHKp3E8otpgzYfaD6OMZBJX4C5nihfi2KZa5w1VOn5pxqbacs51d-HN7mxzx0Tvyodh1rXQMQhXwRkXw8cyaH4mSvezQX8wkO9HPXqkcmJ5H2PFkJeQWo3U_2ry_FY5adn0A_45LrFjiyYmUBphgzH_89nwunxwzdVvK4kGxcTdQo3brX4UzeTguM-o-nBxTsbzrRHJ5U2WjHZtCCe34R7roSG8F1a4CdjcGcamqYUsbQ', 'width': 1009}]",ChIJ20tRBSVQQIgRqXpge_mcdkM,2.0,4.4,ChIJ20tRBSVQQIgRqXpge_mcdkM,GOOGLE,"['meal_delivery', 'restaurant', 'food', 'health', 'point_of_interest', 'store', 'establishment']",158.0,"9320 Union Centre Boulevard, West Chester Township",39.3252501,-84.43021130000001,39.3265901802915,-84.42897451970849,39.3238922197085,-84.4316724802915,True,"8HG9+4W Beckett Ridge, OH, USA",86FQ8HG9+4W,2.5015670996417763
OPERATIONAL,https://maps.gstatic.com/mapfiles/place_api/icons/v1/png_71/bar-71.png,#FF9E67,https://maps.gstatic.com/mapfiles/place_api/icons/v2/bar_pinlet,+1 513-847-4012,Twin Peaks,"[{'height': 1633, 'html_attributions': ['<a href=""https://maps.google.com/maps/contrib/108908751168512296053"">Twin Peaks</a>'], 'photo_reference': 'AcnlKN1qExW7x7c4DQof2aqjIqTVnBbsbXt_psuB_a4crWMW7N6REgtwdrD1Fu34vmRSKg8cD2kCgkTiOR5bTSLGlDw8_ZWk--Rk4EklK-HR_xU3mcCWfd0lwLWUStpIkDScqHoKHhfdoQPEgh7ISGTdLqGQgx611fJhHMjmlenPpqhHi0mld8Ehk9ElUq1jFOosG0vFXhDllSowzT5uUOPZNBqyizns5Kktjb2zmOwe8zp2kckJwweHeLjtFmA6HHPHu5MVqPPpbuODm1hwM0G33Tv9oNDIZVjGtkX3pJqeEIm83FVkcr_tfUg9d5h6FKPlGqP98z1Qgbk', 'width': 2448}]",ChIJ-avSmGxRQIgR0Xb-nYAJNQU,2.0,4.7,ChIJ-avSmGxRQIgR0Xb-nYAJNQU,GOOGLE,"['restaurant', 'food', 'bar', 'point_of_interest', 'establishment']",8961.0,"9424 Civic Centre Boulevard, West Chester Township",39.3205244,-84.4223299,39.3217226302915,-84.42093056970849,39.3190246697085,-84.4236285302915,True,"8HCH+63 Beckett Ridge, OH, USA",86FQ8HCH+63,2.2531203287730075
OPERATIONAL,https://maps.gstatic.com/mapfiles/place_api/icons/v1/png_71/generic_business-71.png,#7B9EB0,https://maps.gstatic.com/mapfiles/place_api/icons/v2/generic_pinlet,+1 937-433-4673,Functional Formularies,"[{'height': 960, 'html_attributions': ['<a href=""https://maps.google.com/maps/contrib/113222201481395269287"">Functional Formularies</a>'], 'photo_reference': 'AcnlKN1f4cCSBvzxxl-2jW_H3SbXRQ_2mlpGCGqNnMDdy3NMSIdC97LWAcVuPuf8iexFAwW2HOn2toOIC5FkU-dL7xgr8EfVCEtjZ6JdDxKM_HLtwNltIcalPuj0k7GrFEfIcnp6XprIMhRb77oNHhGaqF-WkkqvMgYXRCZkuES1034fNtMhvyb-8hOPCTWjxQ3ffpfNYUa5etSIwK6z92SakJ2Fm4fhUQvIKhKeheemOWlyJB2pHLsjaRpfFnZgg9cc9YxHjwEAbGfe6B1eIOzRjSzMdpd5JCbuhL1-qTpK91jLgip6FvR4K8HP_ZOuP_rnumag3kXrXmA', 'width': 959}]",ChIJB_0b-L5RQIgRGX3y7oYoVUI,,3.0,ChIJB_0b-L5RQIgRGX3y7oYoVUI,GOOGLE,"['restaurant', 'food', 'point_of_interest', 'establishment']",2.0,"9277 Centre Pointe Drive Suite 220, West Chester Township",39.3281193,-84.4294204,39.3293381802915,-84.4280806197085,39.32664021970851,-84.4307785802915,False,"8HHC+66 Beckett Ridge, OH, USA",86FQ8HHC+66,2.3163699627344467
OPERATIONAL,https://maps.gstatic.com/mapfiles/place_api/icons/v1/png_71/cafe-71.png,#FF9E67,https://maps.gstatic.com/mapfiles/place_api/icons/v2/cafe_pinlet,+1 513-394-7026,Dunkin',"[{'height': 1080, 'html_attributions': ['<a href=""https://maps.google.com/maps/contrib/109181195577063985663"">Dunkin&#39;</a>'], 'photo_reference': 'AcnlKN2aiWVvFLyVAMu45ZZP8OHpglUkIKY9-Jy-X8lpd6iURo8VnaCFt-i9YVECAspRJmAOnLQUw-CcNTuRjwaTWLA2O6UX4x_gLKdedqjkDzJ1FK47KX_YR0OIlfkP51HMICVVINxQtog3fynckCa_3HkWgj8RD66IzwmGijksAOrEWVknEZ_2Vc30U2F8odce0k3CsrbXQiND58XX5xyT9bm64ZfJRJk5fpIHNOpWwG-ErwfOaUg9YewStbUhqBwACbsEIWZl_u8kCgXukN4tn5D-R1K1jFJlKO2KBw-s2n4DfGSmWhsp83kN0_K7FT0wVg7mHCgg', 'width': 1920}]",ChIJK5vbfFJRQIgRoENrm5uXumg,,3.0,ChIJK5vbfFJRQIgRoENrm5uXumg,GOOGLE,"['bakery', 'cafe', 'meal_takeaway', 'restaurant', 'food', 'point_of_interest', 'store', 'establishment']",16.0,"9370 Union Centre Boulevard, West Chester Township",39.324574,-84.4279822,39.3259624802915,-84.4267532697085,39.3232645197085,-84.4294512302915,True,"8HFC+RR Beckett Ridge, OH, USA",86FQ8HFC+RR,2.3661857043328887
