business_status,icon,icon_background_color,icon_mask_base_uri,international_phone_number,name,photos,place_id,price_level,rating,reference,scope,types,user_ratings_total,vicinity,geometry.location.lat,geometry.location.lng,geometry.viewport.northeast.lat,geometry.viewport.northeast.lng,geometry.viewport.southwest.lat,geometry.viewport.southwest.lng,opening_hours.open_now,plus_code.compound_code,plus_code.global_code,permanently_closed,distance_to_downtown_km
OPERATIONAL,https://maps.gstatic.com/mapfiles/place_api/icons/v1/png_71/restaurant-71.png,#FF9E67,https://maps.gstatic.com/mapfiles/place_api/icons/v2/restaurant_pinlet,+1 859-491-7200,Hofbräuhaus - Newport,"[{'height': 2403, 'html_attributions': ['<a href=""https://maps.google.com/maps/contrib/102891590769041819100"">Hofbräuhaus - Newport</a>'], 'photo_reference': 'AcnlKN3ZsHBHUkJCHYehGvbXh_LSfmO8zZj_eeSAbdo9rUsOhhQb56xbp2ScLaSYxYD9NKoN2Y9aMY6Ek9dLTCJB-O59K-I_N4_JXCiyH9YY8-2-xAHJwnnPOU5wyawbCkAU2cxh310xGGQbyMC2s-YdTCTOkIZBH03uyOQ89agNPpDpQGJgP6mWZ3EwuavfjiI4J3IJqtvqTVt3sWqBJ0CAcy_qR8w_hEAzlR2oerSHasR35b5LTvzk8PGyB3b8CPDkszCiA-whZ3ilf65pWsuoz5CSQeznDHHHL52G1t1TmjcomaI4w8nN2icS0GXjZcO2tcK8dSc_gKc', 'width': 3600}]",ChIJI86THG-xQYgRejQQ5jfFn-8,2.0,4.5,ChIJI86THG-xQYgRejQQ5jfFn-8,GOOGLE,"['bar', 'restaurant', 'point_of_interest', 'food', 'establishment']",3864,"200 3rd Street, Newport",39.0951072,-84.4938064,39.0965237302915,-84.49263936970848,39.0938257697085,-84.4953373302915,True,"3GW4+2F Newport, KY, USA",86FQ3GW4+2F,,1.7427176924588839
OPERATIONAL,https://maps.gstatic.com/mapfiles/place_api/icons/v1/png_71/shopping-71.png,#4B96F3,https://maps.gstatic.com/mapfiles/place_api/icons/v2/shopping_pinlet,+1 859-291-0550,Newport on the Levee,"[{'height': 561, 'html_attributions': ['<a href=""https://maps.google.com/maps/contrib/102444216483169582766"">Newport on the Levee</a>'], 'photo_reference': 'AcnlKN1abKPtak2xCcw6PfFrF5p5MOIKi2RqVnjIMmnF3-VOLpWU1VrfdsAdMalRFonA1la1EDWw5wYs3ciJQ0yi4_eruG5b2-VxAEMFFRXGmA7xmKV4Dovpa-CcJOwMnDrQfqqN44KLI1G06vanXGhdrILqzozZx_oME9dUhjSZolJRauDnQ0LDUq8_97_J9lVa85o6cNJr80Jr4nynNxQFJdC4pBTY7iN9sJqy53vj7BxhEZT7_A6moucpFUwKg0MKX03WqxQrFP6MeEfukF4ZosyKBXmw0suvNath4G1GxEp_-1UsEwTVcFUhgqEbDfuNl11AO-qG', 'width': 1536}]",ChIJj5FhLG-xQYgRNhr-7ontbKo,,4.5,ChIJj5FhLG-xQYgRNhr-7ontbKo,GOOGLE,"['shopping_mall', 'movie_theater', 'restaurant', 'point_of_interest', 'store', 'food', 'establishment']",16621,"One Levee Way, Newport",39.09518780000001,-84.49605489999999,39.09622993029151,-84.49521706970847,39.09353196970851,-84.49791503029148,True,"3GW3+3H Newport, KY, USA",86FQ3GW3+3H,,1.5487747026186318
OPERATIONAL,https://maps.gstatic.com/mapfiles/place_api/icons/v1/png_71/bar-71.png,#FF9E67,https://maps.gstatic.com/mapfiles/place_api/icons/v2/bar_pinlet,+1 513-564-9111,Nicholson's Fine Food & Whiskey,"[{'height': 2701, 'html_attributions': ['<a href=""https://maps.google.com/maps/contrib/112985685430103494693"">Nicholson&#39;s Fine Food &amp; Whiskey</a>'], 'photo_reference': 'AcnlKN0bZvmd9vw-QbFskhZnKU_0kO7Wz9Mc7QnsEFDm7rq7rIhGAJb33pRColgiDMFeg7FGsqr-RBveqSLiTc0mzH5qEbK1QMwprfOGqIy69cnAoOWYctI3_VJVQG5c6-DrsRl-Z5P4NkyLAfRzpm5Ek-M79LrMVEXH1PEQDQA0q1H_Al3pF7DGH11bEzG73EWCeir0Lici1ehjM988Tmx-i4bix_EPx2WCOiHIJsnaO7g7Cqgeys_YLD4IEnTTZ2rG0DzAV5D6KZ--1GUvN-xQC1P5Kb51nM0B6lcZeVxt7w3RgI00BUPzZho60Agvn0tvYjsmDWEiD2E', 'width': 4050}]",ChIJt-5Dq1CxQYgRdum1akpW7h8,2.0,4.4,ChIJt-5Dq1CxQYgRdum1akpW7h8,GOOGLE,"['bar', 'restaurant', 'point_of_interest', 'food', 'establishment']",1782,"625 Walnut Street, Cincinnati",39.1033356,-84.5120189,39.1047026802915,-84.51059306970849,39.1020047197085,-84.51329103029151,True,"4F3Q+85 Cincinnati, OH, USA",86FQ4F3Q+85,,0.9425103978055273
OPERATIONAL,https://maps.gstatic.com/mapfiles/place_api/icons/v1/png_71/restaurant-71.png,#FF9E67,https://maps.gstatic.com/mapfiles/place_api/icons/v2/restaurant_pinlet,+1 513-721-7427,Montgomery Inn The Boathouse,"[{'height': 1440, 'html_attributions': ['<a href=""https://maps.google.com/maps/contrib/109415859086884599188"">Montgomery Inn The Boathouse</a>'], 'photo_reference': 'AcnlKN3b2Fe_HKlYFhAH5HLTYJJ5254bgQbGnuf9O4_t_i75TiCinnq_yXwDVpgtFoO42c3pE-KWT8evRG9o8xEyMm_gtL3eCnBvSG5szdtKzjeioyDFMzaipRz32_SVP23m1FwNhqaU-DxLdVxt2NFMFsGPfdMxR70BN5jsgf2UkYMNvhLX7u6zBkIdTP5zPm6bH7VdO1Q5_4O72rQ8nyoiSRG8SvyfhEsdipujDdEetvJ_Hbjf4CriSU34011P89jx2qkMUQ4kOvHlVdENWYCC-7AOj8z0-LJLgDLJ7r0GSIn46m91W-jg2NG5BLG6TThtzAvslsgFbgk', 'width': 2160}]",ChIJ1YpO6mOxQYgRavAlyMV6XLo,2.0,4.4,ChIJ1YpO6mOxQYgRavAlyMV6XLo,GOOGLE,"['bar', 'restaurant', 'point_of_interest', 'food', 'establishment']",4977,"925 Riverside Drive, Cincinnati",39.1039629,-84.4947014,39.1056070302915,-84.49322991970848,39.1029090697085,-84.49592788029149,True,"4G34+H4 Cincinnati, OH, USA",86FQ4G34+H4,,1.940775801165139
OPERATIONAL,https://maps.gstatic.com/mapfiles/place_api/icons/v1/png_71/restaurant-71.png,#FF9E67,https://maps.gstatic.com/mapfiles/place_api/icons/v2/restaurant_pinlet,+1 513-721-6232,Nada,"[{'height': 2000, 'html_attributions': ['<a href=""https://maps.google.com/maps/contrib/107821133652873121034"">Nada</a>'], 'photo_reference': 'AcnlKN0ohsz2KkPpiTMwfNa8iuRd-oMsIulV6DdwKyqBKoQaAsvkwEIwgN9XAjI4yXC1ovR2C8JgGrywm1y9TBlLBOCIpvNKIEpvH_MFKgvIckIi_D3sxfVNoclsGDT5xu43-rzS5AXlKhTzWxbdKKWUgwsG5Z27gKOoLLQQMccHES11qC4vv9zQHEtOl0hgJ3VuKMSySR0zErF7z9nd3VmhKC-PJ7294nYGzZUT_m7Ebg-FwFosUFCF21oleT69WLMpPqNkMjF1aNNkAcJU7yaKQc4k4cSQvYO8AeHvC3td-sUFCk__TDbztfp7-_Zw7xVpAHTBp9R9z0g', 'width': 3000}]",ChIJ9UWCBlqxQYgRoH9ooQSY_jI,2.0,4.4,ChIJ9UWCBlqxQYgRoH9ooQSY_jI,GOOGLE,"['bar', 'restaurant', 'point_of_interest', 'food', 'establishment']",3367,"600 Walnut Street, Cincinnati",39.1028992,-84.5113634,39.10424073029149,-84.5102081197085,39.10154276970849,-84.5129060802915,True,"4F3Q+5F Cincinnati, OH, USA",86FQ4F3Q+5F,,0.9073404399560105
OPERATIONAL,https://maps.gstatic.com/mapfiles/place_api/icons/v1/png_71/restaurant-71.png,#FF9E67,https://maps.gstatic.com/mapfiles/place_api/icons/v2/restaurant_pinlet,+1 859-261-9000,Five Guys,"[{'height': 662, 'html_attributions': ['<a href=""https://maps.google.com/maps/contrib/110504882134751011395"">Five Guys</a>'], 'photo_reference': 'AcnlKN318ycNChkeTy6a0yMmqnOC-rhgy-KmHtUvHGRs_PLX_5kyF8vRr6SDoG1vvWvmK1px40M8uDssmsaGO73mGNsmmgwNGOA6QaaMRsCWC_Lgpos7AqWFKdOul1DpAozPcAa731T1U6TKa85iKiYoCfHe6dN3ctN8i7625M9fDeENv0L8KjnMlIaO3e3k3Ss8VuS5e7y-LYr7UaObJbtmH0F5ho_vkNy12QjmX15YEYf2IeouMrc-UU0LIX4kkO2LrZc2M1CGoNwHGz-q0WKb_0Ehu6gQOj9cN6r3_78aki2fVavUl83T089utHMJegKYg3K1IbpE0M4', 'width': 591}]",ChIJizn6KW-xQYgR8UPWsObJ7wM,2.0,4.2,ChIJizn6KW-xQYgR8UPWsObJ7wM,GOOGLE,"['meal_takeaway', 'restaurant', 'point_of_interest', 'food', 'establishment']",827,"1 Levee Way, Newport",39.0945128,-84.4965869,39.09581543029149,-84.49520681970849,39.0931174697085,-84.4979047802915,True,"3GV3+R9 Newport, KY, USA",86FQ3GV3+R9,,1.5037065301656602
OPERATIONAL,https://maps.gstatic.com/mapfiles/place_api/icons/v1/png_71/restaurant-71.png,#FF9E67,https://maps.gstatic.com/mapfiles/place_api/icons/v2/restaurant_pinlet,+1 513-354-4025,Red Roost Tavern,"[{'height': 558, 'html_attributions': ['<a href=""https://maps.google.com/maps/contrib/110835758757182652563"">Red Roost Tavern</a>'], 'photo_reference': 'AcnlKN3A6_hYog5HxtDaa4d9jqaxXhWjssWh6XKQ8JuMHV4rDWmk2Fg2Y-sQ9yAfTlOAIwnEP9EXLUnJvtJ-aeuSfzwp7Ehp9bQMHLxLRfVmakN5AshjStRk8zh9w5dr7VL3_jcnIt8-RqDIDd8R0befsh-wUp4DYo4qQDYAstJujNKSu2DzmuItNdT0WWXVprXBvcAkyYks_4Y0z4U8A6YtONZerR9047gZmoIOARVxf98PuIB1WD1Lhn5TUh83zQW6_5a6LUDWxBidhaYrY9DVu_304MxT9eY-bRGHuIj5MNQyL3y_wUNdCTBqQlG-35CwX6YTZpvVOvU', 'width': 800}]",ChIJXS_ul1GxQYgRk6a_ZGRHvyM,2.0,4.0,ChIJXS_ul1GxQYgRk6a_ZGRHvyM,GOOGLE,"['restaurant', 'point_of_interest', 'food', 'establishment']",325,"151 West 5th Street, Cincinnati",39.1004527,-84.5156264,39.1017885302915,-84.5145263697085,39.0990905697085,-84.51722433029153,True,"4F2M+5P Cincinnati, OH, USA",86FQ4F2M+5P,,0.6223449282835287
OPERATIONAL,https://maps.gstatic.com/mapfiles/place_api/icons/v1/png_71/restaurant-71.png,#FF9E67,https://maps.gstatic.com/mapfiles/place_api/icons/v2/restaurant_pinlet,+1 513-381-4071,Yard House,"[{'height': 3024, 'html_attributions': ['<a href=""https://maps.google.com/maps/contrib/116502013688396373770"">Geneva Maxwell</a>'], 'photo_reference': 'AcnlKN3SZdv01ehqKLiyXaZikxU7rHIi06lbA5RPhPaVnuure7WtnEza1bpZpiJKyjGKFQ_C8ACJgn5SgEiP1xWRK7R-hHgqIaA1ioM3izemk17K-ZNjCso1fvbvPnC1QMK9zmUdiNh9srRTo0QPDayTRQAR-Stq_9onGi2-Z5ZqYhmIGJB7qFVmJAEtlj8muFogc2e21p32VRWHr_VAkhcEf0mBh6VudSn37eQYfpdWeYogkshTRgjBWVvlBGmI6sRr7hxQjYwglezX36MChaBnYV9PSdVwR5YuVCI_bpFnMHNR-r5-cTolcmJ_3Ll8yr7r2cUCZrfHn1yHP0zrXAOfXC4AfJNvfRt4KJO3cwUn1tvDcbaRg_yxMJn09sqEuyhWeW3x8vo7SA9vS7EMMDYJmGixgI2Gy40uLhxkDggnxEHzD81Fci2NmeQHO1y8s2zmcrgRMu5R9ckirZqhxbZOygIoQ3n8iUmYOhAbWyVsDrHphuIXNKj_faNONkN-42FJz5bNNUScdMYfIsVTos6zu12o2NZTxPulI4gv7TSNAa5oz3qeHskH9Vs9sanwIHYXMLJe9fXmuFCszzNFmWMutFel3E7-E-VkkyiQbQbXM4VfSv4_6Boj8oMyOTYk3ExI_56fngvkZLPgI2MjMM9SCLnlUYE', 'width': 4032}]",ChIJfWU7P0WxQYgR0Z7qRaNJrUI,2.0,4.3,ChIJfWU7P0WxQYgR0Z7qRaNJrUI,GOOGLE,"['bar', 'meal_takeaway', 'restaurant', 'point_of_interest', 'food', 'establishment']",5806,"95 East Freedom Way, Cincinnati",39.09686,-84.51047,39.09836448029149,-84.5092697697085,39.09566651970849,-84.5119677302915,True,"3FWQ+PR Cincinnati, OH, USA",86FQ3FWQ+PR,,0.36820498523353695
OPERATIONAL,https://maps.gstatic.com/mapfiles/place_api/icons/v1/png_71/restaurant-71.png,#FF9E67,https://maps.gstatic.com/mapfiles/place_api/icons/v2/restaurant_pinlet,+1 513-721-9339,McCormick & Schmick's Seafood & Steaks,"[{'height': 2000, 'html_attributions': ['<a href=""https://maps.google.com/maps/contrib/113585405964227327498"">McCormick &amp; Schmick&#39;s Seafood &amp; Steaks</a>'], 'photo_reference': 'AcnlKN2rDe-6X5n6V5mmSsQtsF_EIsCULEUla_WtOiP5hPBJZ4CyN7jKXBuGH-KCwvYhXZ86mDYzvbbtchcuSqVEzFHBrumQltAswsCCTY2QFNf7PJYMQYgNShaOnHRMPIMa7NmHOFcYt7ap5Ul3kVMORRuGWZsiDDaLpi5eSAjB-LI-IuYBS0-jrGY5cccmACppUzVFMjJ6nP4X0aRZChNiqlLtM6i1uHJ3s_QwM_KU4rjo58lKcLoUMFAsxoW9eBsZBhGQwmmd7TkUrfMApRULQ3x0QcutX4TZX8bN49eDhnZbYYAAj2U-BRcS5TYvOWjtXl8UzbMkX9w', 'width': 3000}]",ChIJNQ_siVCxQYgR0ktQVfaZbiA,3.0,4.0,ChIJNQ_siVCxQYgR0ktQVfaZbiA,GOOGLE,"['restaurant', 'bar', 'meal_takeaway', 'point_of_interest', 'food', 'establishment']",1963,"21 East 5th Street, Cincinnati",39.10090529999999,-84.5126452,39.10234538029149,-84.51135966970848,39.09964741970849,-84.5140576302915,True,"4F2P+9W Cincinnati, OH, USA",86FQ4F2P+9W,,0.6669661192773696
OPERATIONAL,https://maps.gstatic.com/mapfiles/place_api/icons/v1/png_71/restaurant-71.png,#FF9E67,https://maps.gstatic.com/mapfiles/place_api/icons/v2/restaurant_pinlet,+1 513-721-8483,Via Vite,"[{'height': 1600, 'html_attributions': ['<a href=""https://maps.google.com/maps/contrib/114059208478324615081"">Via Vite</a>'], 'photo_reference': 'AcnlKN0eKRaaJ0wwZu_s1ftbkBU6FdguJ0nHLYlS97zFcjx3I_7xhlnoBtzHACkCciNo7krThLp1I6C3D0EKJIElk2aKzKNrBuE3xiOrdwd7bfhRd-yjJxvAU_IdAvz1VQuz06MeNpcjbuTjGVnNlyBdyv_W3qTj_HA1jIOJG35Hmj-_mjnGvsus5RHAOHDTNP10PvU80f2C1ivzZbpXLdGOOra_YnQbuwnE75NoV6IZfUgMitB_xO91pivxaZPLbCe-Ta7XEL1VIjwLEMK5DizoAP5DNYzPXnZnIo9qq9kQsZQZB2wTRWnEVu0_Dc0QkePyznfMgyi5_w8', 'width': 2400}]",ChIJe_ZsklCxQYgR22PBtItVLjc,3.0,4.4,ChIJe_ZsklCxQYgR22PBtItVLjc,GOOGLE,"['bar', 'restaurant', 'point_of_interest', 'food', 'establishment']",1082,"520 Vine Street, Cincinnati",39.1017693,-84.5127768,39.1031488302915,-84.51161131970848,39.1004508697085,-84.5143092802915,False,"4F2P+PV Cincinnati, OH, USA",86FQ4F2P+PV,,0.76007697169772
OPERATIONAL,https://maps.gstatic.com/mapfiles/place_api/icons/v1/png_71/restaurant-71.png,#FF9E67,https://maps.gstatic.com/mapfiles/place_api/icons/v2/restaurant_pinlet,+1 513-287-8662,Bagel Stop | Sandwich & Catering,"[{'height': 422, 'html_attributions': ['<a href=""https://maps.google.com/maps/contrib/111493554972711666429"">Bagel Stop | Sandwich &amp; Catering</a>'], 'photo_reference': 'AcnlKN3su8eZ0To0uxAymOuif7ptUJ2EZ5xb0T1aJ6cHWpFKHCmFoEhY596kAYZDKiJlHoq_dIVItHd00ipr-2SebfIxOiWT7_Pp4Cl2vtsmd517TZ2JpiytzJ5LbKGz90kjey4T7d53gjuYSoe1ut-i-KdauDujgz54AthezGI_lNp0gwOne-Nt3WhaZ1jOaBCqYvBlJcp5Ylj_ns3kS7EOKlUVTNDbbXsBzYoyT3MqLVrYfTqIwLSqOmqvQ_fpbPaUp1aZ1X0-XRhuGZyE6147fJdgiyR7ue2CcwZoAuMXlJ8HmWDDoezhlf3AQef5H9VI53uM7oHzBhE', 'width': 750}]",ChIJGT0nU1qxQYgRsC_BzLUM7Lw,1.0,3.7,ChIJGT0nU1qxQYgRsC_BzLUM7Lw,GOOGLE,"['restaurant', 'point_of_interest', 'bakery', 'store', 'food', 'establishment']",23,"201 East 5th Street #11, Cincinnati",39.101207,-84.50916699999999,39.10242433029151,-84.50777516970848,39.09972636970851,-84.5104731302915,False,"4F2R+F8 Cincinnati, OH, USA",86FQ4F2R+F8,,0.8064112467120138
OPERATIONAL,https://maps.gstatic.com/mapfiles/place_api/icons/v1/png_71/restaurant-71.png,#FF9E67,https://maps.gstatic.com/mapfiles/place_api/icons/v2/restaurant_pinlet,+1 513-381-0491,Ruth's Chris Steak House,"[{'height': 300, 'html_attributions': ['<a href=""https://maps.google.com/maps/contrib/106763132419781361381"">Ruth&#39;s Chris Steak House</a>'], 'photo_reference': 'AcnlKN3uBBIFgdj3F7Nm7U3NJIlDAsIlBCOJukOIgThTc8pVztQPnoHKssiWk5BcR3RuddTMfRd5Z7M7Azw7bsTDl9B_WVESkc0T14By0t18Hi8VyFff6qsQ1A_YjEhxrle-H7Dvc2WILjiSpUmQM1tN0KbhrDjBUGVm0nHYKs_bMWez3UmH8JjNW0yOXYTzF8EtHGvyT77IUK5kUyCfxMHzLBp-RXuu-4nJqdjmIyP2H-C7oRPh2vbdD1VKwupjMZPEMwjrfnoXmbeX9fqY2z9Ax90ooTcVwfLUT76JTLLTraR21cXii3LWBMBabWeEMR-yhAGeGmzqRLo', 'width': 570}]",ChIJl6ZuOUWxQYgRaSahETt5OVw,4.0,4.2,ChIJl6ZuOUWxQYgRaSahETt5OVw,GOOGLE,"['restaurant', 'point_of_interest', 'food', 'establishment']",1715,"The Banks Development, 100 East Freedom Way #160, Cincinnati",39.0974138,-84.5101614,39.09866308029149,-84.5088059197085,39.0959651197085,-84.51150388029151,True,"3FWQ+XW Cincinnati, OH, USA",86FQ3FWQ+XW,,0.42634837205922355
OPERATIONAL,https://maps.gstatic.com/mapfiles/place_api/icons/v1/png_71/restaurant-71.png,#FF9E67,https://maps.gstatic.com/mapfiles/place_api/icons/v2/restaurant_pinlet,+1 513-421-2337,Moerlein Lager House,"[{'height': 3168, 'html_attributions': ['<a href=""https://maps.google.com/maps/contrib/104968433118149018441"">Moerlein Lager House</a>'], 'photo_reference': 'AcnlKN0USqhtbFOek06Y33dL1f5JQ663TzRBemF0JYlfnaeob6-Sh-O8YRedoUr6GbDMsCw5gGdYAVNAZcN_snk5l8cJev95TqDMZ7WDXkb6emsjCg0heKk7HrLy9UHv_JEaUAYdebzg7rXQNZVzz3rHsu0_G7sB4kMH4r9ew0QZwU6TwVNs8_JP-AaHKu2M0N1rwlyZVuAXuPmStc40pogxV-hjFujL0hjLp0Z3k048XTPdc360a5tFYyeiiDUUmX1PtbNeybCSAV2PH_os6KesgNMMAbMl_vBtGL6xrEvFFl2I9mLfvX13IhhH_lfgwUR_6NTWxIOjTWg', 'width': 4752}]",ChIJZedO3kSxQYgRu00UfoMiUMQ,2.0,4.3,ChIJZedO3kSxQYgRu00UfoMiUMQ,GOOGLE,"['restaurant', 'bar', 'point_of_interest', 'food', 'establishment']",1919,"115 Joe Nuxhall Way, Cincinnati",39.0962532,-84.50871010000002,39.09759503029149,-84.5072108697085,39.09489706970849,-84.50990883029151,True,"3FWR+GG Cincinnati, OH, USA",86FQ3FWR+GG,,0.47730132873827513
OPERATIONAL,https://maps.gstatic.com/mapfiles/place_api/icons/v1/png_71/restaurant-71.png,#FF9E67,https://maps.gstatic.com/mapfiles/place_api/icons/v2/restaurant_pinlet,+1 513-784-1200,Jeff Ruby's Steakhouse,"[{'height': 600, 'html_attributions': ['<a href=""https://maps.google.com/maps/contrib/117588545297097240392"">Jeff Ruby&#39;s Steakhouse</a>'], 'photo_reference': 'AcnlKN2qyXlK_N3Qx64Bf6EgrD-4Ja2gvBhqZtUTjrwvvUNld0W-tJUXptLSoEpfbv8G9S5_xx0qMYO5kw_GLPHHYhAQd8vRecipOZN0oarm5Nz2g-hRdZtd8iBkrp-bdQ6uLan7l6_c1EICPoEfrhvPpT8lrb-lixQVTAQrhFTU-Wy8C8BZzVJeWgGKkOWnKrO3vzN6aIY7FSEu78VGfVODmmGIgNYPrQgfP6IB-8SESZ-zrjT_9RIFu4xGhhN2rpIGgBxeTS6vexBU29RsTwMcwDIsZr_0FxfHN1AVQcKlcJFQxySq9AWaA6n-kXNVwqAX2X_w1r3C', 'width': 1600}]",ChIJg7HusgtNQIgRFwH06W5FXw8,4.0,4.7,ChIJg7HusgtNQIgRFwH06W5FXw8,GOOGLE,"['bar', 'restaurant', 'point_of_interest', 'food', 'establishment']",3066,"505 Vine Street, Cincinnati",39.1015504,-84.5132502,39.1029595802915,-84.5118283197085,39.1002616197085,-84.51452628029152,True,"4F2P+JM Cincinnati, OH, USA",86FQ4F2P+JM,,0.731239519877391
OPERATIONAL,https://maps.gstatic.com/mapfiles/place_api/icons/v1/png_71/restaurant-71.png,#FF9E67,https://maps.gstatic.com/mapfiles/place_api/icons/v2/restaurant_pinlet,+1 859-581-3065,Pompilios,"[{'height': 857, 'html_attributions': ['<a href=""https://maps.google.com/maps/contrib/109279911779254825919"">Pompilios</a>'], 'photo_reference': 'AcnlKN2apvcZoz-tazA2AXN-68vtqpCHHKuRoz3w6X5CDyU5WVKXq2XelyBcsEWIMFXOe1nqX5MRqnzY3uF3gOZnpd7svtZPELfW6l5MD35meF5ntrqQmgjei4xDjqi22Hw3CO01okUqLlyyr_TXhSaL1YaIvC11IN-89L92tNBomq9KXJKNQNH4h2gVTGBABeIGGHR1b39d0ONil5ZGhPlavmtEzbQgE-VD2Igth8GJZbNpfZXelD_GQUJBsh2WGannYlVPa9JmnV7OQ5PH-gOzTlx_1SZJboYWwGRWVDrmUMTKfoH6erl3BFoHk8_eKo5KF_dTUQRy0Y0', 'width': 1320}]",ChIJdSJRHG6xQYgRqvLpmBoYUao,2.0,4.3,ChIJdSJRHG6xQYgRqvLpmBoYUao,GOOGLE,"['restaurant', 'point_of_interest', 'food', 'establishment']",2778,"600 Washington Avenue, Newport",39.0928084,-84.49088420000001,39.0942339302915,-84.48949396970849,39.0915359697085,-84.49219193029151,True,"3GV5+4J Newport, KY, USA",86FQ3GV5+4J,,2.0097205421428668
OPERATIONAL,https://maps.gstatic.com/mapfiles/place_api/icons/v1/png_71/bar-71.png,#FF9E67,https://maps.gstatic.com/mapfiles/place_api/icons/v2/bar_pinlet,+1 859-291-2767,Brothers Bar & Grill,"[{'height': 1335, 'html_attributions': ['<a href=""https://maps.google.com/maps/contrib/100588601585510920511"">Brothers Bar &amp; Grill</a>'], 'photo_reference': 'AcnlKN1i3jzpiY3DujjD4FKz-ERh-gsIb5m1oeJugC1cnwgPPLxNngtr-m4yl2mSipU1Wj69Ab9n2SWLVM7V-slv_CJaQU_qHjlRp9eRMeiTTEkeYa-cusDgUABg46C9vKLnJcORKYpH0v__gITHSOsTkzJjwl_-yR48vrgLEku14baKfXt-_YOpKtHgHBhqDIIu5yBLENFFO3sHEttlueuDS6cA8ZcTgdp8DRqsXnP5rTqTzSH4kP_yOspj91EvpDdTn8GVnhzuDuiMb1AbaXo999rs2uxQTwHsqtawKK0smZ8QFv7HFZ4iV3MKqIsD-mdzbzfSSfj1_tU', 'width': 2355}]",ChIJj5FhLG-xQYgR_siTceih3tU,1.0,3.9,ChIJj5FhLG-xQYgR_siTceih3tU,GOOGLE,"['bar', 'restaurant', 'point_of_interest', 'food', 'establishment']",2894,"1 Levee Way #2126, Newport",39.09515519999999,-84.49650489999999,39.0962093302915,-84.49503081970849,39.0935113697085,-84.4977287802915,True,"3GW3+39 Newport, KY, USA",86FQ3GW3+39,,1.5098985978670667
OPERATIONAL,https://maps.gstatic.com/mapfiles/place_api/icons/v1/png_71/restaurant-71.png,#FF9E67,https://maps.gstatic.com/mapfiles/place_api/icons/v2/restaurant_pinlet,+1 859-491-7333,Buckhead Mountain Grill,"[{'height': 3072, 'html_attributions': ['<a href=""https://maps.google.com/maps/contrib/104476781341714117513"">John Moore</a>'], 'photo_reference': 'AcnlKN2WVFmOAU_Bc6h1BiCEXRJKCwVSIabObNJsJ-FoggTYPNvsmGWIeU-rBlz2GHVIFwM1zanfurgIp8_lzimax62TeA8l7ehB5P_q-MsD-L8HJse8Yxp_Zig6h3OH4ZW3j70lCn6EaSX4ceNGJLQxdX8KftUM_9i59lan1jpBMt5fNnx1pQmnGQmd5j3VbDZFqaOUcJq3dJnoTGy0W8V5XV5fwS9X9-tH-JDeyCDxI96A666Xx3ZcD725Hu5hnltBTS0ElH-_FdPe61yFsYbIR5oOrkkC8wdfzuU-LGPQI5WZIqYbgFW9xjmNt-wojPtDOR7Nvj5wfMLFQ9WWoRyAeWg0Q5kyhcr1Oz87vJPjUw5_yuT67S9DmTMTipZkhA9nmSAQl3Ly1SqxAIsAdF5him4KScbihI3B7LuHwz9eT5QlUqBsu3YFNog9fGfO7GWvUgePWXzB2HxYb41-Vk4frJpwsABQVDf7Uh0Pfxi-dxfZDEP_zjxCKf0mv2eAwPYIcmTxbcV4A8lOqUCF_lJ-KlpuQCrYRCi1G_obRHlmFTtF_iaksO5mI6srGHwgam61rgQNQQc1LDOUxjtE30roPH-bmFPt_obK4aj8DGiOAfJK8bePTCL8Rp2jLR3OdgO0', 'width': 4080}]",ChIJjb_3f3uxQYgRF7Y0xlBe3k4,2.0,4.2,ChIJjb_3f3uxQYgRF7Y0xlBe3k4,GOOGLE,"['restaurant', 'point_of_interest', 'food', 'establishment']",4396,"35 Fairfield Avenue, Bellevue",39.10325570000001,-84.4886655,39.1044955302915,-84.4872477697085,39.1017975697085,-84.48994573029151,True,"4G36+8G Bellevue, KY, USA",86FQ4G36+8G,,2.3711158329381528
OPERATIONAL,https://maps.gstatic.com/mapfiles/place_api/icons/v1/png_71/bar-71.png,#FF9E67,https://maps.gstatic.com/mapfiles/place_api/icons/v2/bar_pinlet,+1 513-421-6234,Arnold's Bar & Grill,"[{'height': 1333, 'html_attributions': ['<a href=""https://maps.google.com/maps/contrib/108348330156492807322"">Arnold&#39;s Bar &amp; Grill</a>'], 'photo_reference': 'AcnlKN1YXNHoLHhrtlDDHJy65uGjd7xWj9-0aEcICPESZlG-InEPEPLcBFyym4pQ9Ul4Cgod6cgW8emWWHKLiPPgrf4JOVA_L7FgQC9Ix_M3NXKP__LKoQA8VRWB2LmMjnekoZYSaVX9dkhY_X8dnyv4jrzGtvPpkZvaqZRSTScj6mAGV4fWyb5Uc8lRe05BIfnZUQsuF7OXjfsLtAhnxrOnOdJ7tApdB1AX2StvhgYwAvGcc9Kr2R5LBDReoWSLJkYFEwnhqiLjnj_XvlvytiB57hAIB6I4eJ7Y7E8JD2RD0kdpuW6kbefg3TuRvGmaMVonYGWMRsWR8C0', 'width': 2000}]",ChIJTX-EuVmxQYgR4UFlhpkdyIk,2.0,4.6,ChIJTX-EuVmxQYgR4UFlhpkdyIk,GOOGLE,"['bar', 'restaurant', 'point_of_interest', 'food', 'establishment']",1493,"210 East 8th Street, Cincinnati",39.1051307,-84.51007949999999,39.10641203029149,-84.50871906970849,39.1037140697085,-84.5114170302915,False,"4F4Q+3X Cincinnati, OH, USA",86FQ4F4Q+3X,,1.1761869592349743
OPERATIONAL,https://maps.gstatic.com/mapfiles/place_api/icons/v1/png_71/restaurant-71.png,#FF9E67,https://maps.gstatic.com/mapfiles/place_api/icons/v2/restaurant_pinlet,+1 513-822-5154,Sotto,"[{'height': 3024, 'html_attributions': ['<a href=""https://maps.google.com/maps/contrib/111187866401393634031"">Ryan Estes</a>'], 'photo_reference': 'AcnlKN2DUE6oA3MvKG-vT3aXJc0aqMEGNO6gXvFeMVbxQhuh2z9hO9MD6s8Bp5brJWsIJ6baBXt78n8NGQr0J-jYRMs13h1RgEaEuLqO8tnx72IehUg27oFimweFZmFOUwN7njmifqclL5bR24Rw_i35znk4U9HTqs5OBJ6_OaDMuZ25tVHxc7okutz8RibC42MYyA4TDXjsmviyiPGMXDrYLSaAoOy5S3XsQWCND8OpcCAm2dcjtXmYLzEBTzig8YmcE2FhMsVMikuXFK3P54JyLFt9CMxFiM4dapdeG9emHd_x_Kxc3w6bM0e39Bt0B647VFIWNbE2IVXjOKnwT5q66uYAjndlu1VcdlWk2mZ5SV1RKhDpGB8EFYOIidJoCjIrlAL0qKtnhhgJguhY8kFWSmdR6CMDW6pj6BkQoCxEeGhQDx_3T3QPip_DoftUfa2uW4Lx9mhNdJG6vLhGmg4CZIMMaSraSKkLbzB0PlDNylIfAWbTRJQtLlI02r_7uRaeGCPN6fnUWk38hX8XVb9ayps3sF_g7IQ-Aks3_ewSOaMT8VdEf55JofW0NfBJrcnCLivVfyX9H7o8YIX0PrB5Xw9ggWu9TX9pBO_wHgkL6rlc-SxXxt5IFQYWp2GlQyaV', 'width': 4032}]",ChIJ7UnGBFqxQYgRoAuv7FBnRSU,3.0,4.7,ChIJ7UnGBFqxQYgRoAuv7FBnRSU,GOOGLE,"['restaurant', 'point_of_interest', 'food', 'establishment']",3071,"118 East 6th Street, Cincinnati",39.1030002,-84.5111122,39.10424373029149,-84.5097425697085,39.10154576970849,-84.5124405302915,True,"4F3Q+6H Cincinnati, OH, USA",86FQ4F3Q+6H,,0.9238265825087305
OPERATIONAL,https://maps.gstatic.com/mapfiles/place_api/icons/v1/png_71/restaurant-71.png,#FF9E67,https://maps.gstatic.com/mapfiles/place_api/icons/v2/restaurant_pinlet,+1 859-431-0900,Brio Italian Grille,"[{'height': 539, 'html_attributions': ['<a href=""https://maps.google.com/maps/contrib/117535772467995380769"">Michael Lee</a>'], 'photo_reference': 'AcnlKN281ynOyzXKr6OpGnoEOvYIBDSb2WKgw6I7vHfYQhfE7p_G5qb_b843fSuiFeRBzeZfOKHQenhl-hUeUCnJJ2e5Gs2pHi9qX_OVk7df-5_xHZKtopn-Su0lcsm-CoqF80V_15LDm2p6sOs7N5312RazNjgY1KqrBT44glO0L_-j5A_hsTw3_yJ8yD_jmeB2H_PEaGljdJiFQUk10TPQmM0zRTZ7a4-0IBuWr-Eiz9VZCUZ-hgCwQuh4wQuo4drnb4miFgo_DvT5f8BCYweo6FWywfiKgqAanupZYHP5eIs44XnwRO6ywIi_PgRC52i5g8BdGoE3CW7JigESeszJbOMzSup_iHzPSdbj6EjD7Je1wY1-xdvARBx_rkKeCGAy0JbKuJi8HB9Tc6rZjVqNciUUh0lUCTriGiUtKJ2ENQMXEN4f8oj0xBckurpp1cX_WpcTACjAYNViQikMTQheenSkQAccD-AUJDvN9N7DG7JdoB5w55X-hvlBf2tcuexFuVXzR4P6fDZ5lhRnKVkEaU63__HA8e9XECbxv74dug7hV5ui1bgHCu1zmt7r4PwjFGSriYTxRs_i9D-O_92UQ6yPLciZ4yXHMK3wvo0OvL_qnie1UVux6LCioX-x8xLn', 'width': 1080}]",ChIJ_VJTLWmxQYgRaOTJk-mBW54,2.0,4.2,ChIJ_VJTLWmxQYgRaOTJk-mBW54,GOOGLE,"['restaurant', 'point_of_interest', 'food', 'establishment']",2438,"1 Levee Way SUITE 1140, Newport",39.09424879999999,-84.4959763,39.09571278029149,-84.4947305697085,39.09301481970849,-84.49742853029151,True,"3GV3+MJ Newport, KY, USA",86FQ3GV3+MJ,,1.5576685693942076
OPERATIONAL,https://maps.gstatic.com/mapfiles/place_api/icons/v1/png_71/restaurant-71.png,#FF9E67,https://maps.gstatic.com/mapfiles/place_api/icons/v2/restaurant_pinlet,+1 513-421-2440,Subway,"[{'height': 2340, 'html_attributions': ['<a href=""https://maps.google.com/maps/contrib/115418968043218377366"">James Nathan</a>'], 'photo_reference': 'AcnlKN0lCddDvA1tGSGrWVAnHnQ1gQx4rgAxfYQk8WlwdhoTWAdjVx5PMfNb17BC3SJHRWDnkcC-viOmYmWwSLxeoUiZ0dMMUZ8WRjW_gHVI0ywd-wJ1XrwHwSwK61HzmyWBx0wf8iKC8GS98QTe_BHnL_Epcqv5mGcWsYL81tUXBqBgoPUCjG0U6cx-I_UAzcsjAR514tBKLP0sl7A7VYyp57zmEUnvvcQHmUNqgivqloy97pRWz4qkaFpdBZsg5QwLmAsth1nT7KmPEVENKSQuvC4cM_e81MdxnXFoHi4IJB_fLtMWc01eKdFbmue4XF0juVTqeLXVrvd1WkLd0sxef6xnrrCgk-0KRqdyhDQE6-2CT_xAWrhf1uRHezEH1OjWj4L2SgeAdSQtykgSA1mLLxBRCCqrPXZ27_BWQyAUR9QLNez1WAfbhOCITovCxsjFK7XXxdCproWkIUYQ8yXW1VPxqagBvWs_vzQV1073K1wJ2q254VuRslS0QgsxurII2vKx6v-BzIbrx0e3EfYSQNDTB8w5pvtekv9sbJ5JaOk_foLPLacF5x4mmFjQCnA6TqKmGJWA4u9k8nHB8cnnF4bX8UTeNisqg0ADFuuJCBGoQyHFgNC69G7lxZ-FUfHVRtO8TZDT', 'width': 4160}]",ChIJK5arSVCxQYgRN-cbZwG3108,1.0,3.9,ChIJK5arSVCxQYgRN-cbZwG3108,GOOGLE,"['meal_takeaway', 'restaurant', 'point_of_interest', 'food', 'establishment']",62,"441 Vine Street 1st Floor, Cincinnati",39.1007349,-84.5130961,39.10210668029151,-84.5116416197085,39.09940871970851,-84.5143395802915,False,"4F2P+7Q Cincinnati, OH, USA",86FQ4F2P+7Q,,0.6424446567585096
OPERATIONAL,https://maps.gstatic.com/mapfiles/place_api/icons/v1/png_71/restaurant-71.png,#FF9E67,https://maps.gstatic.com/mapfiles/place_api/icons/v2/restaurant_pinlet,+1 513-721-6200,Nicola's,"[{'height': 3024, 'html_attributions': ['<a href=""https://maps.google.com/maps/contrib/105096497690441235857"">Nicola&#39;s</a>'], 'photo_reference': 'AcnlKN3pllRm6LrKKrpsfkw-kJDuw4FbFXqHm6HIajO7XCodOWMMUL1HhwdVb8egZyJtZY-PGLv3gty22OyKfJqLOkLpQV4A8Lgbh-64hG9uoxEmRydcu7DPcWereov0X5Sm9pwewmUtzg5NNc3ppto4NENDcnsYZxjEiyzVI2Xq6Wv2atZqnOsLK1wpk1YctNKT4sdeEaBFWuY2BLiEUzWHRU9MkkYu_lB4vF3DqnlpnKKvzfoOFLaPiYoEc3X5lmSaPxyEXgxqyZ-6sUGetR6RemODfGpVaVmEkVnIGWycF6kS5nLv6fy_KyoHBc4nQLTTI70PzMpIG7k', 'width': 3024}]",ChIJxycgPOOzQYgRR9tb8URCbDw,3.0,4.6,ChIJxycgPOOzQYgRR9tb8URCbDw,GOOGLE,"['restaurant', 'point_of_interest', 'food', 'establishment']",1160,"1420 Sycamore Street, Cincinnati",39.1121518,-84.51054959999999,39.11345943029151,-84.50929331970849,39.11076146970851,-84.5119912802915,False,"4F6Q+VQ Cincinnati, OH, USA",86FQ4F6Q+VQ,,1.9302921560967143
OPERATIONAL,https://maps.gstatic.com/mapfiles/place_api/icons/v1/png_71/restaurant-71.png,#FF9E67,https://maps.gstatic.com/mapfiles/place_api/icons/v2/restaurant_pinlet,+1 513-421-8325,Teak OTR,"[{'height': 3024, 'html_attributions': ['<a href=""https://maps.google.com/maps/contrib/107985990681573629209"">Teak OTR</a>'], 'photo_reference': 'AcnlKN1RyzGJpeYE3nGfqhWy19jBb2PmbfkRTK6wCbOEmB0_56nP378PMRT0WnMSMYNBO5vYtJ8Ufg6I0gmkXMOiUOCMCDuTXnzk0TZMZxhGGyQwF-pK-DB7vjNaJCzm3_gZCnpxp58IevJj18ZXUgdkTlwS9wLWL-FFH42e7og2fUT9yv0GMVP0ZEG4sPh5PwSIRxVdPSlow3itOS89sNCWhfrsigxaCoRuuF33lFR9-4aZAuar8p1vAbtLj0-Zye7egybw-OJpvJ6j22Grrj1MYHzXgBDGNySA6jbu8HK40QyIOXKdKG8OmyUOOfwm1pgsRtFloTlH47k', 'width': 4032}]",ChIJkd4y2mGxQYgRDZLEl8UegAk,2.0,4.1,ChIJkd4y2mGxQYgRDZLEl8UegAk,GOOGLE,"['restaurant', 'point_of_interest', 'food', 'establishment']",790,"1200 Race Street, Cincinnati",39.10817719999999,-84.5163037,39.1095076302915,-84.51501706970849,39.1068096697085,-84.51771503029151,True,"4F5M+7F Cincinnati, OH, USA",86FQ4F5M+7F,,1.478660946256359
OPERATIONAL,https://maps.gstatic.com/mapfiles/place_api/icons/v1/png_71/restaurant-71.png,#FF9E67,https://maps.gstatic.com/mapfiles/place_api/icons/v2/restaurant_pinlet,+1 513-381-2176,Tin Roof,"[{'height': 1440, 'html_attributions': ['<a href=""https://maps.google.com/maps/contrib/112150365549338133849"">Tin Roof</a>'], 'photo_reference': 'AcnlKN0MosvDpy8heu2sqru5i9ZjuHov8sizlEXVgQquLO0l8rcwDt9G0onczW74bX7pRfzLSGrezOsB9Z9ZmOOzU6aC4rgW9ZzkgQ5l6D-2BoBzQYmXQntcWFvuO2drNNHIJoTB7YbsqL4be20_HybU2zvePaPSUu0-Mq_Zjb3jJF_iuzrz7xXZ_QadEPWqdwCFjkQANt300dHEFloxTv4xgxuG7Psv1o5dKBBjC7DYciZZCfApqLSnpnI9Y5_XMtnqiUriI1vjxpvT1pKLgoEqnl5c2xYhtB-tDPz0gv0EOVutucmEXZHGwABQ0WYWbIqtlcGJfe49w9U', 'width': 1440}]",ChIJzc8tP0WxQYgRIvOtfnWXLwc,2.0,4.0,ChIJzc8tP0WxQYgRIvOtfnWXLwc,GOOGLE,"['restaurant', 'bar', 'point_of_interest', 'food', 'establishment']",1263,"160 East Freedom Way #150, Cincinnati",39.09751199999999,-84.50956099999999,39.09872738029149,-84.50855516970849,39.0960294197085,-84.51125313029151,True,"3FXR+25 Cincinnati, OH, USA",86FQ3FXR+25,,0.47409393274615474
OPERATIONAL,https://maps.gstatic.com/mapfiles/place_api/icons/v1/png_71/restaurant-71.png,#FF9E67,https://maps.gstatic.com/mapfiles/place_api/icons/v2/restaurant_pinlet,+1 513-381-0678,Taqueria Mercado Cincinnati,"[{'height': 810, 'html_attributions': ['<a href=""https://maps.google.com/maps/contrib/104940424880581116004"">Taqueria Mercado Cincinnati</a>'], 'photo_reference': 'AcnlKN0j6ecIqnoOS14KyxFKrAWSazIjGY6GsybD9dPWk6y7dibjqCyRDanva32D1_O_4hG2FBwOdENU1qMAcswDpCa_lZqJxGvgaPsHv2idV5Wu8aaVjjRQyP08aACUvOQjidBJ69xJzwmZG_TS-TLH63ssygkSI2FcUrejH85qfAGHSTq8vCcsqOZOYdH3XmD9Ii7iGiNWTq6mMV0wzmyyFbpogNnlUZ5HgowezvxOuqDwXmA2lSudDzWciBIQAea5epqOnRvaUnIj9Uyyn0cPXZu8XmJtmxYOfjs2OqAfMfJg1VivLzVLKxU2c9GRLxmNrmGqnyAMsfg', 'width': 1440}]",ChIJDYU2Z1exQYgRDC7ze2mMcGU,1.0,4.4,ChIJDYU2Z1exQYgRDC7ze2mMcGU,GOOGLE,"['restaurant', 'point_of_interest', 'food', 'establishment']",1514,"100 East 8th Street, Cincinnati",39.10483099999999,-84.51204,39.10611703029149,-84.51070671970848,39.10341906970849,-84.5134046802915,True,"4F3Q+W5 Cincinnati, OH, USA",86FQ4F3Q+W5,,1.106164104168382
OPERATIONAL,https://maps.gstatic.com/mapfiles/place_api/icons/v1/png_71/restaurant-71.png,#FF9E67,https://maps.gstatic.com/mapfiles/place_api/icons/v2/restaurant_pinlet,+1 513-827-9345,Mr. Sushi,"[{'height': 3024, 'html_attributions': ['<a href=""https://maps.google.com/maps/contrib/113548795268354666591"">Ricky Cotton</a>'], 'photo_reference': 'AcnlKN2pEeDBI9r3GSnHi7XnY0SBzvJdkkM2WxW41OVZ0lNlIYfYwBSYbvKmDfY_cXH-1li2eEHfjwPmd_Xbegnl4CmWX4w-LsGmF7IGgNwIao3czR55hqlNtWrurtjY6lVk9nHAwp44wJjAOrbeENZa2KsIEZvCAUuj_xfVS8RX2Wjg5GYyXTYzuIDpNP5_zfzeYHWJPcxV6-cX0hGa9R2CTuW_bJ3Au1r1fZs-2RyYKzr8AVd8qn1mGCTp3ne2R9uOEjSPRb6jSxKSZOTtHtKACQFopkNOUKJK108euHa92XafJjhTo68UMP9KhWBIoLj4tNT6az1uSLyt1wX7XRli6hgdO71EgUWuvF2sIi4dbllVlW13ktN36iVoFiJIHsL_V4nGotoUOqNcgQIeoDMFiUlYs0jsqkaLv299dPonOVTVljur2PHQBvWiSuIFo46PNYvyC66u-IrjpdPbEDbHYxxfIWcW8nX5VBe6eSsvQt2W7aLKDd7XAHg5ub45eVQUpRuD6jR_GHKCKU6eA1VQHJXSRxvNZSbXsDjqksG5eIaoXMK275Lce-Iv5ceMlYETaRp7JyF6oKkh26In4NK5LxYhM6w_qz2zc7JHQ9yrZyYtp1BzkTHqn7uTmjozU4dCnJfZ9biD', 'width': 4032}]",ChIJQVfCC1qxQYgRIP6Ls-m4ghU,2.0,4.4,ChIJQVfCC1qxQYgRIP6Ls-m4ghU,GOOGLE,"['bar', 'restaurant', 'point_of_interest', 'food', 'establishment']",1022,"580 Walnut Street UNIT 500, Cincinnati",39.1026466,-84.51092899999999,39.1039307802915,-84.5091223197085,39.1012328197085,-84.5118202802915,True,"4F3Q+3J Cincinnati, OH, USA",86FQ4F3Q+3J,,0.8906047745314883
OPERATIONAL,https://maps.gstatic.com/mapfiles/place_api/icons/v1/png_71/restaurant-71.png,#FF9E67,https://maps.gstatic.com/mapfiles/place_api/icons/v2/restaurant_pinlet,+1 859-491-6659,Molly Malone's Irish Pub & Restaurant,"[{'height': 3024, 'html_attributions': ['<a href=""https://maps.google.com/maps/contrib/103764024744000338195"">Molly Malone&#39;s Irish Pub &amp; Restaurant</a>'], 'photo_reference': 'AcnlKN2Z0o9rEGbg0mdgaLQL5q1f5kk1On4Y2drb-c-q1-0jWRdM6EvP4-0PjTkMrt-E1ioxUDfh2Jxf3lRagnkd01EeibVawOdu19hRa8zrJcriUK4BWckhyHJL4-7IO2cSy2UQ5MpgI8MKEFfRQNNjVPkBIWiHw6Y-ieTFQARulpMNeGYeKwm-Vb06IgTHCS9qJowWc6ycMRnVFDuhtamTK2wkoleHXVM2SeEEnwolfvTiT0teNjdEZ8DTb9cvLSW3V3sEd3xOapxYRItMBCSlbjiWBsupwNfRAdsswkeAoXqRLUThFzw48feLAX9wyL4EjoRC36tZHLA', 'width': 4032}]",ChIJdYf0gzixQYgRXCrsw4OOpqA,2.0,4.5,ChIJdYf0gzixQYgRXCrsw4OOpqA,GOOGLE,"['bar', 'restaurant', 'point_of_interest', 'food', 'establishment']",2134,"112 East 4th Street, Covington",39.08752889999999,-84.5088234,39.0889026802915,-84.50740131970849,39.0862047197085,-84.5100992802915,True,"3FQR+2F Covington, KY, USA",86FQ3FQR+2F,,0.9432573778473141
OPERATIONAL,https://maps.gstatic.com/mapfiles/place_api/icons/v1/png_71/bar-71.png,#FF9E67,https://maps.gstatic.com/mapfiles/place_api/icons/v2/bar_pinlet,+1 513-621-3666,Mt. Adams Bar & Grill,"[{'height': 1066, 'html_attributions': ['<a href=""https://maps.google.com/maps/contrib/109002210018702578638"">Mt. Adams Bar &amp; Grill</a>'], 'photo_reference': 'AcnlKN1fUfiL09RfbJZkSTOd7mtpzBPahv9jfdXa1jFWyTz_V-3M78Wv5TL7VmTarHWbZc4LxGwB7D0Km8uYgjPz2iEEBX5dOuCmd-6L000PURf_H70ybfM-vNgdrJrxTpjnoGK2O5T7EpDdf-rxv1z8bvtqZKOCTapql4gsYBG987o9lQY6T6ugiWEld4UuYNua3uxR3Ewuy7HzjXKTo6bgz7Q08XBXHu3-eNh9qcRaOysHLuv1ua7RdmONgp0ygkAGkndBcAcxXBk8-l9-mbl9p5z5rf2kIQQHRtpXwXYSSeswU7mWPt-5IY2ZL7cYoq12OMQwxc4I5So', 'width': 1600}]",ChIJz30bFd-zQYgRXOBbYlQ3YfI,2.0,4.5,ChIJz30bFd-zQYgRXOBbYlQ3YfI,GOOGLE,"['bar', 'restaurant', 'point_of_interest', 'food', 'establishment']",971,"938 Hatch Street, Cincinnati",39.1093867,-84.497423,39.1106889802915,-84.4960993697085,39.1079910197085,-84.49879733029151,False,"4G53+Q2 Cincinnati, OH, USA",86FQ4G53+Q2,,2.1459835680390213
OPERATIONAL,https://maps.gstatic.com/mapfiles/place_api/icons/v1/png_71/lodging-71.png,#909CE1,https://maps.gstatic.com/mapfiles/place_api/icons/v2/hotel_pinlet,+1 513-721-3353,Symphony Hotel & Vivaldi's Restaurant,"[{'height': 1536, 'html_attributions': ['<a href=""https://maps.google.com/maps/contrib/101606521670077691709"">Symphony Hotel &amp; Vivaldi&#39;s Restaurant</a>'], 'photo_reference': 'AcnlKN10IIy4in11uI7johT0hQ_LhB94rQfqeRP-2raiDOY_JPGPcBU2kV3OM4g7VelqF76JhnzuNi7Wo-KiQm4Vanlh8Fhy1pFRHr7IIGV6_hNVZMvvwx1T7GECRd094nkHr1D3pRmmg96YrrZcW3sss9WwFrJseUWpYRw4WYMOS0XdZFNrrrKU5Uk6DPqKpq3SplZKvF00qNOlISKtgnHO-MyktfAaeVop4sL4Xr9UZZnrriIwSkI6_EsfvTx_p_GM3x-7SrLVFs0abwuIXfDFZ-MrgvV1Tbn3He2shca1WlsUzDF3H4PlwG81REq-p1AnGn4X35OVk_4', 'width': 2048}]",ChIJwdz2Nv6zQYgRpJ2-21LxqHU,,4.5,ChIJwdz2Nv6zQYgRpJ2-21LxqHU,GOOGLE,"['night_club', 'bar', 'lodging', 'restaurant', 'point_of_interest', 'food', 'establishment']",527,"210 West 14th Street, Cincinnati",39.1102142,-84.51920319999999,39.1114628802915,-84.51784626970849,39.1087649197085,-84.52054423029149,True,"4F6J+38 Cincinnati, OH, USA",86FQ4F6J+38,,1.7503067312244678
OPERATIONAL,https://maps.gstatic.com/mapfiles/place_api/icons/v1/png_71/restaurant-71.png,#FF9E67,https://maps.gstatic.com/mapfiles/place_api/icons/v2/restaurant_pinlet,+1 859-291-2433,Tom & Chee,"[{'height': 2988, 'html_attributions': ['<a href=""https://maps.google.com/maps/contrib/115402407500215503080"">Miguel Arroyo</a>'], 'photo_reference': 'AcnlKN3qg3qx7m2n_bGN29hDChb0VKgyI1PiJHcdHOwCjC9mI4bVdRnVzf1IxKMhkAq47Zo7iaUe7VM7BocVSHHwwjY_NiVvYBshZQuzi_6yN9MaJB0cCi8CEj4txYY1BA_M30e89ZbPAtISQLagFj0f9y7-vjPCD4xggf1FC9DqGEQEYRNrORcDcZb-_41Mq1ReNcfve8qb1u8jQJ01YaWHhN8Po8z27wEuJ9rAfzoDLTXEHuw_wC9pWf6hZlGFzDrtEcYaEtRhM-MZVVyM3YR2nwGfxqA4CQTh9fI08JBm-zgNkl0olt_BK3GsTJbswTp2Qaj4tWj48qWjY-MXuTd0b9yFJw1rV8XysLnqG0cQB5Z2JjQ3YKCaaalAoTV_ijDDFj2gdQooz3Z6fh-3cWtKJKqFaYjvnxOQIfO0cKndiolipH5QDRNJWAOHdZoeM_jaKjj4f6ejOVGMZaX0txPKfHzUvdtnO7kaNko03AYg2Pczvj0KJJexuPBdSci8-t2ygbZo9if4zbaod7oUDZgg5OlkKRA0_AJLyG2MLy1ZUSbeUWLOGysx2KNQiOrEE3KSha_VFeCfvP1BV92-5sxVFxUnTjztBLx2qFB86S6NgOXM2YkG59injB8mKAFNbR5TTXXRJQ', 'width': 5312}]",ChIJizn6KW-xQYgRYlqm-IeAHnU,1.0,4.1,ChIJizn6KW-xQYgRYlqm-IeAHnU,GOOGLE,"['restaurant', 'point_of_interest', 'store', 'food', 'establishment']",1155,"1 Levee Way, Newport",39.09464779999999,-84.49680359999999,39.0958843802915,-84.49532586970851,39.0931864197085,-84.49802383029152,True,"3GV3+V7 Newport, KY, USA",86FQ3GV3+V7,,1.484544620628283
OPERATIONAL,https://maps.gstatic.com/mapfiles/place_api/icons/v1/png_71/restaurant-71.png,#FF9E67,https://maps.gstatic.com/mapfiles/place_api/icons/v2/restaurant_pinlet,+1 513-421-0201,Subway,"[{'height': 1200, 'html_attributions': ['<a href=""https://maps.google.com/maps/contrib/101207309380427685585"">Subway</a>'], 'photo_reference': 'AcnlKN0-VLlG83K_hum4S1r9glTAseZQrZeS3_nvZdvLTKyi-ofaJuSJ2ENOusB_-vmqIWr7q7NfZ6zjhhwAZB4gCVJ9hGm8CbbHNm9TJmPpXmhB1vVv7bm9mkMfiqG2Yy24yS-1ItlunCvJwTdAAAS2nKM00w1bI-ic7RlwwfyhQrnu0Hm9uoe02hj6tGA1Gs73Gx1Dayg5Non80eNVfNYd2aaxGiOerJo8cF7OfsG9NPSaoh727L84_F2zeQa0rmdzHHrjQ0WycU2qBpKGBSWh0EcdJIFRzoC3qxzVbcXNnpeaonmIl4Xektuf23G9gaZ28sPDP-rxBmo', 'width': 1800}]",ChIJmUN83q62QYgRU4V38w14rD8,1.0,4.0,ChIJmUN83q62QYgRU4V38w14rD8,GOOGLE,"['meal_takeaway', 'restaurant', 'point_of_interest', 'food', 'establishment']",235,"901 West 8th Street, Cincinnati",39.10299319999999,-84.5302188,39.1043339802915,-84.52881191970849,39.1016360197085,-84.53150988029151,True,"4F39+5W Cincinnati, OH, USA",86FQ4F39+5W,,1.6579487243173527
OPERATIONAL,https://maps.gstatic.com/mapfiles/place_api/icons/v1/png_71/restaurant-71.png,#FF9E67,https://maps.gstatic.com/mapfiles/place_api/icons/v2/restaurant_pinlet,+1 859-491-6678,Otto's,"[{'height': 4032, 'html_attributions': ['<a href=""https://maps.google.com/maps/contrib/106254094504455350042"">Pharuewisa P.</a>'], 'photo_reference': 'AcnlKN3PoOwv9IfeTETravtImF1v9B0Jldd-sFZ_CmISZ-fjM5n_qR6q2UGXTEc1b2upguML63-7dE7JCF6nnPp_Ih8UHBvbuh2xTzOiRfUrJbnpPzYMBVOFKM7vS6WY9nKdelbY5T8xoM3JoXhDWvPnyeKmglGFuNHBAuTFoIGSXPQ7Djt9Q6gW0AvY6G1xUI2ImsNRH5FZBiEIJm9Z_dqlnS_gHHSXXZPurP40g1AwUXsGBY5omCdY28OHQoasDv_owu7cjl-ChXloWlXNx1LpFKVJsO3iP97y1ZOngeRRaZe7S2NNBHl5chfHFit5CeVMkq6ibg_zqQXuJFNtxKF-L3jxM-VrBWPPEJ8LUneQD1BteRrABqXkJj9JF3nq3VAhQZtwMYGWw-NiHrwltpxhLXkYZ7bMr9RRGZX6sCDSAB8zDvL6dC0rtc8H0If0ecsQaEoU0I4JWH_BtwuYih-dm9lXTb1hrbdLVdRwoVARs0Bz9ppkZTn9rVCZ0OKikgKzDABFdDwl3yrIBLYFrHAHgn10GgZfUdqaHXMrzPAV8j74Ia1rMdsJhxbY1ZGvxLhF0wzyzsXDs045YMSvAOAZgT7BLP0LcIZN_7ZEJcBKPg648Sael5h__oFGk2qAxWr9WXCIEseCEmADMpfV1R1ljQ', 'width': 3024}]",ChIJxYALOzSxQYgRb21nxVCJxw4,3.0,4.7,ChIJxYALOzSxQYgRb21nxVCJxw4,GOOGLE,"['restaurant', 'point_of_interest', 'food', 'establishment']",1207,"521 Main Street, Covington",39.0846634,-84.51770280000001,39.0860195802915,-84.51625941970849,39.0833216197085,-84.5189573802915,True,"3FMJ+VW Covington, KY, USA",86FQ3FMJ+VW,,1.1929766794712704
OPERATIONAL,https://maps.gstatic.com/mapfiles/place_api/icons/v1/png_71/restaurant-71.png,#FF9E67,https://maps.gstatic.com/mapfiles/place_api/icons/v2/restaurant_pinlet,+1 513-333-0303,Papa Johns Pizza,"[{'height': 4000, 'html_attributions': ['<a href=""https://maps.google.com/maps/contrib/107021484788698611484"">Lisa Lee</a>'], 'photo_reference': 'AcnlKN3fmchni9Pf1l-xLo_XH5h--2nWNxwDy4y8nDRFYnhSQ4-LjrMepEe62XP7HsvlshXISo6ntYygxKU5O8xb_nVjEcFAvfOwTdkpJlz3lUO6DBbb70QgXdWh8n3_bmfCV2GRFB3GJ-ld_81CtbDsfHQzlQx1PVXlZNLDRJrSWGIB52kF2qoxt9n35tjXY8cdNMf7KPECCjtskLTyjth2NUtYapLUol2OGfcFXyha2mYol-IljB_kzKTqD3Nd9xpCu3jg3BcTeuaSzGZI_HHd7RRvybeQB6FKOfrxknq3p42draItEoZB_iiijJDlxl8MW54WwfBGxfdFysjiKY_JN3a689Blngqcrh2X6ZLvkdp4R1FuyFrrX6emrTFM4mGeiB9pF7Fx69SWYmXogrZXW-OkK5vP6Go0MqDr5_TsTc5OGVf6-M7-k5kPHzfDxZphHhpJOBdJNtqvOT9n6hk4i2ecU_I4b_rNinVcPdxYd-QX_PlcH9z1mAZE2cT_FVnipzQrIETdcixbvHqrVpYPXDkYToOAoTriutVM4E8f-bdhc7CncKJ_qGAuUTUiFSh6pPYFV0D-1tnfpdY9fbLpcrRaFgU0ZD_SL6P8k7n-Pqre3S5VqagM_IC8Pru5X6rkYmF8tYwuyPrCzN2XA59oW_VxilE', 'width': 3000}]",ChIJRb6ONVGxQYgRIxyBygeqgkI,1.0,3.3,ChIJRb6ONVGxQYgRIxyBygeqgkI,GOOGLE,"['restaurant', 'point_of_interest', 'food', 'establishment']",207,"132 West 7th Street, Cincinnati",39.1034508,-84.5163266,39.10472803029149,-84.5149354197085,39.10203006970849,-84.51763338029151,True,"4F3M+9F Cincinnati, OH, USA",86FQ4F3M+9F,,0.9608946854112813
OPERATIONAL,https://maps.gstatic.com/mapfiles/place_api/icons/v1/png_71/restaurant-71.png,#FF9E67,https://maps.gstatic.com/mapfiles/place_api/icons/v2/restaurant_pinlet,+1 859-360-0840,Blinkers Tavern,"[{'height': 390, 'html_attributions': ['<a href=""https://maps.google.com/maps/contrib/106468990087667927343"">Blinkers Tavern</a>'], 'photo_reference': 'AcnlKN1Rnp2zQIBusI2Q-6bt2iDjZiy2oZwPDcaWGIuzStpUGanHO0gQTQxXzjRs5eJfxzL4akHmDrxQrM07wlO9ulRr8yR2k_wTkfvOjpbqA_CC7QSfnevSE_XYkGVTIMnbSnG__CpyibThQ_ShKbtR2nJVGD62QJDxaeCLLd2FILQjL5p2ccVWXnGodbmZ4zx94zbLDaFHJW4OTVkNGTCFebAdWa56h8ltJYEUWZCLnN3m6i0GiLy4NGq1-lZAf5GUq-J4twB_TXRfvO0gE7YQvOESPRj0eQXzi3hFx1brtiZekTzeqkllp_s-5aPcOCWJjEyUFeHKMOM', 'width': 750}]",ChIJn1k2XUexQYgRZlzf4V8plgs,2.0,4.5,ChIJn1k2XUexQYgRZlzf4V8plgs,GOOGLE,"['bar', 'restaurant', 'point_of_interest', 'food', 'establishment']",2053,"318 Greenup Street, Covington",39.088271,-84.5078631,39.08961068029149,-84.5065886197085,39.0869127197085,-84.5092865802915,True,"3FQR+8V Covington, KY, USA",86FQ3FQR+8V,,0.9167103693068469
OPERATIONAL,https://maps.gstatic.com/mapfiles/place_api/icons/v1/png_71/restaurant-71.png,#FF9E67,https://maps.gstatic.com/mapfiles/place_api/icons/v2/restaurant_pinlet,+1 513-381-6687,MOTR Pub,"[{'height': 750, 'html_attributions': ['<a href=""https://maps.google.com/maps/contrib/101658220789064990643"">MOTR Pub</a>'], 'photo_reference': 'AcnlKN2Ud-e5uaU0IX8roaDqFmyxloAaAp55PA7LzMq9mnFWvG6pyF7mqbTBhUN7O7j6NeSz2L595mNB3LsycjGObIFsRkIShbLf9GHF_Kd2k1pMBFDWX3wJiOorML3DOaiJ76CbSriJnGGVgWtAxUU2LgmdUlanAQV-ZMpqMkNkBiwBcy9rKnaUpR41m8IF7vWm44Xs4xL0djiVbx8kquFE4lRL0pcHlmd8ARUkIs5xwdOggQRcHWxc_moEKklJLa8bY6iqHkFAIeAtdE6De50CSdipQIt_MR9Wg_psBFcp4u68T8nShTY4ZBNJJ8SJp9_aSU0muxEd_QU', 'width': 1000}]",ChIJJ1fEKf2zQYgRu7yELRJFS6s,1.0,4.5,ChIJJ1fEKf2zQYgRu7yELRJFS6s,GOOGLE,"['restaurant', 'bar', 'point_of_interest', 'food', 'establishment']",1052,"1345 Main Street, Cincinnati",39.111096,-84.5124183,39.1124622802915,-84.5109266697085,39.1097643197085,-84.5136246302915,True,"4F6Q+C2 Cincinnati, OH, USA",86FQ4F6Q+C2,,1.794989825701387
OPERATIONAL,https://maps.gstatic.com/mapfiles/place_api/icons/v1/png_71/restaurant-71.png,#FF9E67,https://maps.gstatic.com/mapfiles/place_api/icons/v2/restaurant_pinlet,+1 859-581-4253,Cock & Bull Public House,"[{'height': 2695, 'html_attributions': ['<a href=""https://maps.google.com/maps/contrib/117759232060141292433"">Cock &amp; Bull Public House</a>'], 'photo_reference': 'AcnlKN1xGFyWZ0L1fRxK8DhW0x1kEyfckGhvLBXoPyCIVUny9f8QNqMutyLs4lvkoExzJdmyRLdRYexCScOE1axiKS8UeELrd0wdY68AEA1LkNMjMx-wkGGzx_AbEkiHfyJ_8un9xVFN9lEj8ZGwLbPbjPiR8SN2zy9sJq5Q6DrPpBIf4RQbpO-GVQHqcx7NKQk7LtYH9ViOIMwFaD7kM5-jTWU2tbLkhz0zrOu_CA2GUtTfn3vJJ23WyoRExlLUNnAv0B70UVw-YpcvOh33CgkiOI124GIYeFx3JGR_BbJrmp2p4nZwGV2rCb-0oD4UCZNiBqG2blWr-Ig', 'width': 3855}]",ChIJGxphFzSxQYgRPbTqdPYm8Eg,2.0,4.4,ChIJGxphFzSxQYgRPbTqdPYm8Eg,GOOGLE,"['bar', 'restaurant', 'point_of_interest', 'food', 'establishment']",1160,"601 Main Street, Covington",39.084011,-84.51774900000001,39.08535008029151,-84.5162828197085,39.08265211970851,-84.51898078029151,True,"3FMJ+JW Covington, KY, USA",86FQ3FMJ+JW,,1.2640336689011382
OPERATIONAL,https://maps.gstatic.com/mapfiles/place_api/icons/v1/png_71/restaurant-71.png,#FF9E67,https://maps.gstatic.com/mapfiles/place_api/icons/v2/restaurant_pinlet,+1 513-579-0446,Bakersfield OTR,"[{'height': 4464, 'html_attributions': ['<a href=""https://maps.google.com/maps/contrib/111207556449178021671"">Bakersfield OTR</a>'], 'photo_reference': 'AcnlKN0OriFpNWqsIs2c957mgmBS62VKRqfxiLFidN2pdypLI9HgmhHCR2MiqqW9Hp9D_Zm4Wcq0e-sJgJ9I9sq3tBf5xfniIsW3Hk5aCkFAT5vxnt_aCYBhFh2nil7CI2ep5l11p72juSklDSO1zXKst6sfmeicTiDYpp21g9PNcVRMn6JdBVmXjFl42DhJ_JYzS5uKy3deRzcOfaf1iooi2Kt3-VIrdMpzOtlTYHsOsWLN6eV8FLVLYny-pfXKv6SFtkcUtrcWa_Ku0xUliDdvDZHceGPS_jLvzljsos0YwT1mHhtD8ll1K69kX6vzc5LnJONd7W5e06A', 'width': 6696}]",ChIJ4XF2KFaxQYgRNfZRJ8SpstI,2.0,4.5,ChIJ4XF2KFaxQYgRNfZRJ8SpstI,GOOGLE,"['restaurant', 'bar', 'meal_takeaway', 'point_of_interest', 'food', 'establishment']",2640,"1213 Vine Street, Cincinnati",39.10868679999999,-84.5151303,39.1100619302915,-84.5136580697085,39.1073639697085,-84.5163560302915,True,"4F5M+FW Cincinnati, OH, USA",86FQ4F5M+FW,,1.525024830127129
OPERATIONAL,https://maps.gstatic.com/mapfiles/place_api/icons/v1/png_71/restaurant-71.png,#FF9E67,https://maps.gstatic.com/mapfiles/place_api/icons/v2/restaurant_pinlet,+1 859-291-1484,Riverside Korean Restaurant,"[{'height': 626, 'html_attributions': ['<a href=""https://maps.google.com/maps/contrib/102118988439961862233"">Riverside Korean Restaurant</a>'], 'photo_reference': 'AcnlKN3_T-aoHhiMUFY3y4-fWPTRw08JCZXp-TwAEaWfP_Y7lbzWTMdkRRXik2XryWUbKf3LqhVrMZkTO0nGtL1Gzj-9egvXQ5Mfvva6UK3W6PWJF3oG7Cw3uqA_T1evOJf1rS96t3yGbYIBG2jtNmSLNp0QHPwP5Ev8RzfUARWPHoke7-8SsSKeY9SDqTAjQFVVoTccY-FEJEZndWgKO0Fmk0A5brb4wp0_Xing-ZnoLLpPXbTedJBv2lyTgq9IVafzRmQPLWnVvy1gNufct7nNbJEdCgq66gfkTrwYoiNHbaFNk5ceOiaCdLKFzj-WCPv42qpLMVciH-w', 'width': 939}]",ChIJxRJzNjixQYgRnOYSmPfxZMQ,2.0,4.7,ChIJxRJzNjixQYgRnOYSmPfxZMQ,GOOGLE,"['restaurant', 'point_of_interest', 'food', 'establishment']",982,"512 Madison Avenue, Covington",39.0855748,-84.5104211,39.08688343029149,-84.5091774697085,39.08418546970849,-84.51187543029151,True,"3FPQ+6R Covington, KY, USA",86FQ3FPQ+6R,,1.0926022166719653
OPERATIONAL,https://maps.gstatic.com/mapfiles/place_api/icons/v1/png_71/restaurant-71.png,#FF9E67,https://maps.gstatic.com/mapfiles/place_api/icons/v2/restaurant_pinlet,+1 859-431-4362,Subway,"[{'height': 3000, 'html_attributions': ['<a href=""https://maps.google.com/maps/contrib/101552208705107388977"">Dan Link</a>'], 'photo_reference': 'AcnlKN26ArO4JQ76Kucf33T-i3Ia-yecv4n0ed75h8W_fQ-JJPhEccwY53XXkkphhRaGkrKvgBywUMqjE_IstrJwDLNjADMdc2ckeb_eSwiwCxBRlrJa1L4nAevZHhU0YbmcHOxsw1A8BnMfCo4tcQf335DPNXj6hj61YxLHf52WgLdu7J8b7rj20b5hSxOx3KjeQVZ2ZnTidL9w7TcVyBoCPz_rLKZrp1RxtrM5dSHeitzzJF570AsY3x9kSMqB7DvWj3Ya5wILj0pfKYf35qfJzfGb_y_riRFiZqGMcVj9e-XY7kDtcJA2haleKDaF-wTdwN4v3LImzp8NgnB7yxmUGMMw4E7bqBbYtGpYKDY_FaqKGGNHeuMz5I6p1ZEWKTY9oqPlF-57euLapEVN_h4QpLBRv0iLLnwCAHvak8O7me46jIPgtjcL02wE47cmL6rvNsB3HF8FkjRHqC8lgsteyCA1-OLi_W76lyjTuqUmdeGZ2xAm2ASAg7gwg7xV8qSsZCbUVxZdDRmkvG5jNFWYMmEO_xkJmpV-y_3ggZrnwhcOj0HbNeKCjJU4A9rYn5Et25c38wTOgCCZ9LvvAynCjHFHPX5dxnLBXz-G4KxbWViqI-v1mLsPHGC6Pnmsj7OiK9e6jAKoq8Ei0t08HEwG4ksZ0hA', 'width': 4000}]",ChIJacO9fXyxQYgR4US2bQQ3lvk,1.0,3.4,ChIJacO9fXyxQYgR4US2bQQ3lvk,GOOGLE,"['meal_takeaway', 'restaurant', 'point_of_interest', 'food', 'establishment']",168,"45 Fairfield Avenue, Bellevue",39.102923,-84.4880227,39.1042303302915,-84.4865570697085,39.1015323697085,-84.4892550302915,True,"4G36+5Q Bellevue, KY, USA",86FQ4G36+5Q,,2.40858318893749
OPERATIONAL,https://maps.gstatic.com/mapfiles/place_api/icons/v1/png_71/restaurant-71.png,#FF9E67,https://maps.gstatic.com/mapfiles/place_api/icons/v2/restaurant_pinlet,+1 513-421-4040,Abigail street,"[{'height': 3072, 'html_attributions': ['<a href=""https://maps.google.com/maps/contrib/111709903873835634633"">Keirnan LaMarche</a>'], 'photo_reference': 'AcnlKN2ikTWYf9J98z4l2YaMUdp9OXYG5lPiegIME52659i13g2YvDLvthS3iz1hgauilm960EVyc6awZdpJ-b7SIaUVH0ZrIF38qtCwmu2TKjylFJ-fjgW4rfj5DaNQwudcpb8wUbr9uCi1s4cWPu62V7-vTjt5AREAtpORi1qIbEQ48LA0YtD6rDG9NJYyUjb417Cks0zCOZuyG2hAS9lFxXeki_ZuAzh4z20-B6ULhC1dW71RQKNUBWguxRHo19nE6ETpamaLSdTDxi4OfAuD0iLZT2SdCEd7Ri85jVu1pBp3kZUSYEQu9CDqpswceYm1LzbbfMofMvubZ6oRIwTONueiM-zvxwhmbTzNtLMyo6n27vjdmdK9rRcvEQP2UBqd9XzXX7SgYp7om5hBaK00CCg1s1JiHkrmE16_S7s8pChJ9TU2aLuUCh79bJgmNZQRk1hYxTpXNv6G2yJD7yFLycqRVJyUO-H7vBbK9_-B-zOtNqzKsqo6grbQvwYcIT_7j8Xg9NTxO9ZwvG6yZ6A-nLEWGUfXKoSopa_31d9dx3vDbUy2k1OpO68wiXGez_whSGa7iU7GzeK-ayvPcR-HDO2nG_DQvt74USsRTYxOIrNcRHDFY31Nq5b9vHr8oU6EIFPcxA', 'width': 4080}]",ChIJZ3J3h_2zQYgRCslOdwI24DU,2.0,4.7,ChIJZ3J3h_2zQYgRCslOdwI24DU,GOOGLE,"['restaurant', 'point_of_interest', 'food', 'establishment']",799,"1214 Vine Street, Cincinnati",39.1088325,-84.5147887,39.11015593029149,-84.5134952697085,39.1074579697085,-84.5161932302915,False,"4F5P+G3 Cincinnati, OH, USA",86FQ4F5P+G3,,1.5396087564062895
OPERATIONAL,https://maps.gstatic.com/mapfiles/place_api/icons/v1/png_71/bar-71.png,#FF9E67,https://maps.gstatic.com/mapfiles/place_api/icons/v2/bar_pinlet,+1 513-241-8439,City View Tavern,"[{'height': 3024, 'html_attributions': ['<a href=""https://maps.google.com/maps/contrib/110726483167181451749"">Francisco Marques</a>'], 'photo_reference': 'AcnlKN3x8kYDDgDa5oVfUVZXDbPuR8is3G27l0tmj5q0PkeqZZzShPRWKUu-gQRP44pAxdUhQSO4jUToXhTYuSHQlpefl3y8YxCo8lY2DSsMfLsvFhZjCIk931EDpbR61omZwb9B2lzLLwCDBk52fkXsz0yI-e0sqjYkQBcMZSU1kRNl0AAGnVUp-o8A2pnlcbEWjJco9wpaVAMU39tJF_0H-Ts4-3aGSdCP_yIjE5YkgB1cP4vDg90zZBYn8mnpq67GU5eY6F5yQ63vf0lPvGyuxCA5eIbqj2LxUaeCFE85AsM-4SWVOriMkUSTUKq9QvEhQQuNzntuN9njSO-s_DuJ1dj4mD_244C6Ztx9KKKga1FEerkkfR5CloMlGYT4L4llQ6b14LfOz7HzsT4JpJMST4Hs4vo_vy1W9KUUqj9Y5AlHnYd9XYO3wbUAzx7VCXal2FVvAIwQyWfDsdu4TovR5M7XyGtD-94VxPx-u_-VCtgvWuu-xOBuGFpb_FaeiFAh9A9HWZn_7RlDjzE7DM58CTWXsjSJVCMmix3aVtd4oqs2DkRUxDh7nHNi3iubJ7DM-SKXQJ2_6DW7HHYUwZeomar3JxE57pNMl5q1Lz2v6FqHNFziL4gqL9D7IfkByEtDyiZWAN3s', 'width': 4032}]",ChIJeb_heWCxQYgRqFSaeRWN3q4,1.0,4.3,ChIJeb_heWCxQYgRqFSaeRWN3q4,GOOGLE,"['bar', 'restaurant', 'point_of_interest', 'food', 'establishment']",530,"403 Oregon Street, Cincinnati",39.1060631,-84.5010386,39.1074730802915,-84.49964946970852,39.1047751197085,-84.50234743029152,True,"4F4X+CH Cincinnati, OH, USA",86FQ4F4X+CH,,1.6626041997361303
OPERATIONAL,https://maps.gstatic.com/mapfiles/place_api/icons/v1/png_71/restaurant-71.png,#FF9E67,https://maps.gstatic.com/mapfiles/place_api/icons/v2/restaurant_pinlet,+1 513-241-2020,Skyline Chili,"[{'height': 3072, 'html_attributions': ['<a href=""https://maps.google.com/maps/contrib/104195034032969690411"">Lori Hoffmann</a>'], 'photo_reference': 'AcnlKN1gZiTsQZhoNd_VmIBd3ei8MYSyncjpPAaeR6QX9uRHlCpsP8lqZyZYiw0H0ZaRykGRIo5zgo_fqYNRR2NjlAewg92W8oVkbUxY5YTRGPc8BkXzc66XLd6vs7C66W_5_TtNiTHY19Z_alCLFqqQ0J-7sppX7w_z5T4C0RzwKTDZVP7jHI9oKTnUuzFFSR-lYHzIm9Cdp4FbKr7lPk6wF20FLFC87rEQVRTZdrDrYWLP7klRE0__aqjIb4ztmh2rzFMK1-Za1cEdCZoao87qftZfoiYjB6kn2kOvVP3J0gejtUOd9jbY_osMd_HNgKQLNFcXAljXhQahpMuuBHlJXsiUbxA6y18GH9Jedr5XDMSG47VC3nNjoOrToMswxL5_KWc6Ac5jSUevfWE32qKIOSQ9SDCw_siUHxA7zTtbq7MNjIiA8DopSe8t4BTmcs2QszrgJISoWKuFnoD13QiBOrW3E0ZvuLCJXRJse0mrTdyvJcEUF8k7ZHZrW_gkw-J_RM_myT0UY-dAd5P1v6IpUVgaNe8MMn8tjgx_MZ7XXURBRO7S_yUOX9V05q4wd6_TxIWqqkUiLTLOWsIbnSwh57Z7H7cmgP7eo1AuihJ3pwT9wx4nLNbb_PKjFnyuNvl_aCuPCUY8', 'width': 4080}]",ChIJ4zsXz1CxQYgRTTQ9jfvk1lc,1.0,4.3,ChIJ4zsXz1CxQYgRTTQ9jfvk1lc,GOOGLE,"['restaurant', 'point_of_interest', 'food', 'establishment']",826,"643 Vine Street, Cincinnati",39.1034731,-84.5137171,39.10487638029149,-84.51230516970848,39.1021784197085,-84.51500313029149,False,"4F3P+9G Cincinnati, OH, USA",86FQ4F3P+9G,,0.9424819537666983
OPERATIONAL,https://maps.gstatic.com/mapfiles/place_api/icons/v1/png_71/cafe-71.png,#FF9E67,https://maps.gstatic.com/mapfiles/place_api/icons/v2/cafe_pinlet,+1 513-381-1593,Starbucks,"[{'height': 2988, 'html_attributions': ['<a href=""https://maps.google.com/maps/contrib/105293565852375074116"">sameer sharma</a>'], 'photo_reference': 'AcnlKN01b6gBoGYb_OT0EjGI6jLA6AhE281Yk-SHhbANazsV8WUpSBrACJMaQ6Dga07vV_-8MJ7NHy31jnhVPrs_lDQyOJ3mjVMtwnFTAKSWesjAsXddtjGR_1PH38oLPhh8AtTklve9Qa-9yHK_nriKDCYPL7mpJALSYQ7IvelrPAHF86AlBG9EGcZWkWLkcdJp1TTjbRzM8Pen-BYuwZKPbpE46-gVx9b5bXZZ_Ue2wJ9oCNQ8_awgzooFQ107bxksVtrEvQogSu3KkZAtWEQRuLbhykTFTdTUapHtlCDExHKuWfeZxFCUI03qMq3ObwJKpisgkhx4DcLzVOxv6xXlxl23xswqS1Eu3mNQKr9TBXlctFjZLL4LQ0tWFpRxJeEzEOxsayfXYtY4yjBCRvDVsSjt-SzXyQjcP_fV6Ig8Cw26fK98z35xS7xKdBvcrQO811fPbkQyT1uX2XkxO_C27h0xx280YMyPoDGr8iPePxZ7EKL9t4oZnePhd9Bkn3IvkQbAh3DxVVBECo-WloDArLX-Glx2c-bUnJzv4QKXKCL7878MjDez7YvZsOKar8RIRdWkSwkF30K3ypk-E_6C97UvpHr3vLQrCL9FtsEmkI-NlBnwd0dmnFLjVX5KY8dqF6j_1A', 'width': 5312}]",ChIJHdSGCVqxQYgRsurL7tJZkQI,2.0,4.4,ChIJHdSGCVqxQYgRsurL7tJZkQI,GOOGLE,"['cafe', 'restaurant', 'point_of_interest', 'food', 'store', 'establishment']",466,"580 Walnut Street, Cincinnati",39.10265,-84.51088999999999,39.10409578029149,-84.5094578697085,39.1013978197085,-84.5121558302915,True,"4F3Q+3J Cincinnati, OH, USA",86FQ4F3Q+3J,,0.8919725258625326
OPERATIONAL,https://maps.gstatic.com/mapfiles/place_api/icons/v1/png_71/restaurant-71.png,#FF9E67,https://maps.gstatic.com/mapfiles/place_api/icons/v2/restaurant_pinlet,+1 513-241-4848,Skyline Chili,"[{'height': 2268, 'html_attributions': ['<a href=""https://maps.google.com/maps/contrib/110083521914974776453"">Mike Condon</a>'], 'photo_reference': 'AcnlKN18g-KedYYDZcz3gJEFYS_6tbroDJn1hBr5u_3Hidndzm-oJ9WFfDy5BmeCFdN_CE7QwgKIEli-4TYcF6zbN99ndve88XmMXNCV6TGhqAVSRInQcJEAdA-0jy0NvHVHpT8VGZ0Z36cgyDby-vbYj9eyit-uhAXQYNQy4kIB7dy4xay4r04ONSRCqIWc2FPCzOq8t7JWlaEGVgzALF98DmpmxwMtO37gbGvc5hKV6s5kF2uYCCEt1AW9xn2uaf-zFRjzv1Ost1LqJUXjJavGozkE2jvEZJJeo4nhRxK0F6kKRoAQSbGoGTRiMvxJwEsMSLSDUWLPEOFnoZc9n1X6ny_npJiTORriz8Amr-10WUA2bgjzceecjjTWzOKNQUz9bv4Q9IyuaqyOEnQN0ok3KCXa84hVcj8Uw5L7Jy95wJOHWeiH9mhwLA3jq1dBiWsNZVj41Uv0Nx1EZyHbKYc0fxZIbWeiSsbkkHvMbP3QweeAsN2-gNAXi6QqV4r_pgZLVcPhTVhZbu_JblNfThWP84kFz_sxsJ8SOW5pWItAn_pZ4vaL5WW_VI80lGRfJZ3-AmtDlIeUCdpTFzmNcQIq-HT3cVI_utsoNcg_8Z0lWLVNVvAXkHr3ZU3fcxSL1gOZbahp5WP5', 'width': 4032}]",ChIJF2HXB1uxQYgRJHvcLl3jv00,1.0,4.4,ChIJF2HXB1uxQYgRJHvcLl3jv00,GOOGLE,"['restaurant', 'point_of_interest', 'food', 'establishment']",735,"254 East 4th Street, Cincinnati",39.100932,-84.50804260000001,39.1021255802915,-84.5067502697085,39.0994276197085,-84.50944823029151,False,"4F2R+9Q Cincinnati, OH, USA",86FQ4F2R+9Q,,0.8362864640777308
OPERATIONAL,https://maps.gstatic.com/mapfiles/place_api/icons/v1/png_71/restaurant-71.png,#FF9E67,https://maps.gstatic.com/mapfiles/place_api/icons/v2/restaurant_pinlet,+1 859-261-0361,McDonald's,"[{'height': 3024, 'html_attributions': ['<a href=""https://maps.google.com/maps/contrib/117901743396504015588"">Mike Wagner</a>'], 'photo_reference': 'AcnlKN1JirOtH_ob0IR3gGGY2DFYkMbcKGSar8lFgGJ1FdOo3Ks47aFMbXzB4lUnHKHB5EhJHjyF9O0heAlL_HnXsOths2Edb5icp4bh_zxCE7YN3VIm87ToFVtSqIHf3sfKln6GzObZg4ZxKaAPMFO_hFjIfbBzLmOgqI-3P5LwmkuOuzkZOKriaG7xFTNRy2B8l8FRuhSWjmDdFVz0EwbsKDXTObecGwLew2syPiS5lqXgYK185-N25hLnaIQGrb2EV1limReLnpg_3U3V4eVBKNm_LZHK7JO3Tae-hF-fhVj4pRqErKhVjPKrGjVOlU5gIfkggPwqHEO1N2noJVmuSoWZVoDFFr4mLhD9Vem0pA6e7qoBiMwiBZ_1cTG578iTiMFaW7OEpabLVj0mRLsmZQ4eiN0bRewZytbDOgjKOT9cJiPwCsKPEnVpjbx5nU9HqyTD31QKf2sE2_Waa026SiC3BzB0Ak-OaLGC3B5hKgeO2JgT67N-rVw3tk_9UEr6drgHylvTZMAuzS_smvoBL-AUdXOZon6hxrs2oe8BCUeU5hEhbwE8W81NtICUSEd6Z791_1No20hO-Mqh4ApO6EmXMISGwbnsccEDbsZeqlrv1Fx2Dg5WFNEr1UEKBFnOLwBsjg', 'width': 4032}]",ChIJ1VC_czWxQYgRzGtJpzJ9YdM,1.0,3.1,ChIJ1VC_czWxQYgRzGtJpzJ9YdM,GOOGLE,"['cafe', 'restaurant', 'point_of_interest', 'food', 'store', 'establishment']",3344,"302 Philadelphia Street, Covington",39.08731739999999,-84.5193494,39.08861108029149,-84.51820451970849,39.0859131197085,-84.52090248029151,True,"3FPJ+W7 Covington, KY, USA",86FQ3FPJ+W7,,0.9710357149812294
OPERATIONAL,https://maps.gstatic.com/mapfiles/place_api/icons/v1/png_71/restaurant-71.png,#FF9E67,https://maps.gstatic.com/mapfiles/place_api/icons/v2/restaurant_pinlet,+1 513-621-2233,The Bow Tie Cafe,"[{'height': 5712, 'html_attributions': ['<a href=""https://maps.google.com/maps/contrib/116907220229193106931"">The Bow Tie Cafe</a>'], 'photo_reference': 'AcnlKN2i6wvp7toXGzYJ5R_5IGAXa19llXfKmORX4Vx8kKD8EKn3l3BeAH0_DGc_Rv-SogGFDBP5XZxYiaJs8Uz4Hw9fKZ26hH1qGPs02HsiJVb3iT9BUKHPUE22bM59c0LSDuY6PdKp2V6HiGawt53Z7v0qdo-wDSud84Nu7LAFOuTkIQOoOyT55elE8zm4P8GBbKUr-eHIAoZAhlsJcj7Za8X3kTANPXnK1oaP6_Ao--YXt-bhneBtLu2PMvZDhPhqt2jT5FHcGwt7ot8pO2Jwe7gX5p5Nn71nbbIAi0ujK6MbYchqatSufkDoe7ME0HFtRWuqM5a8U30', 'width': 4284}]",ChIJ5_uR2GGxQYgRDPZoG4ylB3E,1.0,4.5,ChIJ5_uR2GGxQYgRDPZoG4ylB3E,GOOGLE,"['restaurant', 'cafe', 'bar', 'point_of_interest', 'food', 'store', 'establishment']",496,"1101 Saint Gregory Street, Cincinnati",39.1078128,-84.4977851,39.1091577802915,-84.4963940197085,39.1064598197085,-84.49909198029151,True,"4G52+4V Cincinnati, OH, USA",86FQ4G52+4V,,1.9968899065192738
OPERATIONAL,https://maps.gstatic.com/mapfiles/place_api/icons/v1/png_71/restaurant-71.png,#FF9E67,https://maps.gstatic.com/mapfiles/place_api/icons/v2/restaurant_pinlet,+1 513-347-1111,LaRosa's Pizza Covington,"[{'height': 2268, 'html_attributions': ['<a href=""https://maps.google.com/maps/contrib/110899593434227059337"">Aaron Preslin</a>'], 'photo_reference': 'AcnlKN35VQKi011un9KwsMstPN1Ps6M0JgHgjVCh4zTVWkhOMJXNy849GwF3a4BlIM-ePBFFmYbtDi50e4SueOqfECN3cPEjj5hRedNNw1MpemuSreEsQ_FU7B32Zg5ykuJ3cgy0Wn8ectqQ2AUsZgBmMSAeVgzrRjhK_CqV5nxxC3W7eprSOi2UqC6O83iO3W2AFXqa-azKwE5OHWGjkomLy-CFNiRNgV_iAlpQzIy8FkbjWJvNesGe7F2-sClFDLt5O7IbKzVQVm9-T-eepDhcpztt_et6kv0nmlySiaFXbxiJTcgxvMlIIhl0hAb3XYkMBG8JhVGi9XyiOYOVPtbOogVC3LIYE2VtMwyVE8rdqOgnWwQZgUvsnEJwTqSTvXKH1Je5vK8NWiR1OOryMsr1cg_wB8UFKed7oZa-nEqdn9hfbfZoTSrkF4uOi_SBoJCIpxF_oMJenaUCiG_-7FJ7XGY-ZeSz7bOWoZKp2ruX5ZMV0QXjvWkmWZpjXJjFfkcLP54dI_qA3nXs3ExuxPjl32x4fsUtUbdvoQikayAeN8d2R0b_pdTsTsLi5MRNM2gYpm2ed5S72gqu8tak7lolpLvL2IVTjA4jqy7VSJs3RaZtD2VatbLSi4X4_iP1D3K0f_nooA', 'width': 4032}]",ChIJ62w1FjixQYgRSqqzVupr8LM,2.0,4.4,ChIJ62w1FjixQYgRSqqzVupr8LM,GOOGLE,"['meal_takeaway', 'restaurant', 'point_of_interest', 'food', 'establishment']",791,"417 Madison Avenue, Covington",39.0864997,-84.5111469,39.0878609802915,-84.50967301970849,39.0851630197085,-84.5123709802915,True,"3FPQ+HG Covington, KY, USA",86FQ3FPQ+HG,,0.9767371062150855
OPERATIONAL,https://maps.gstatic.com/mapfiles/place_api/icons/v1/png_71/restaurant-71.png,#FF9E67,https://maps.gstatic.com/mapfiles/place_api/icons/v2/restaurant_pinlet,+1 859-261-6121,KungFood Amerasia,"[{'height': 5712, 'html_attributions': ['<a href=""https://maps.google.com/maps/contrib/110125730047827729555"">Zachary Schlieder</a>'], 'photo_reference': 'AcnlKN1bqJ-mWkRQ7P-cVpSW6OKvQScTpdzEI48htctYb4gV_2bTN6XFmlc6psoBhydoViqUoQ9nKZXGhacF6Q3VJ1yCvnPKDlvZwLTGGhcfW8mA0TYqy8MqEhv9RLKJOYbp1oyuEhoUrNv-Tuy12mldWYM1AJPRlxSfPKVYmKImPChBFpTVZN_5qpXbYxFAVVQ2pZ2PYIIf_QL1MphoDE6PLO8ar1Sxoc8EHhqTY3XLbr9_q4XfTkH8jNOkETlPkQJTns1ziZUE_Vc92cH9GWsPOGEX7U6jaOm7Mud19htWqgTDlsXoHw0QX3JpgkhKqPlIPeNL03_0VSy4xI1L4DnGsbaQKL5t_DcpYJRXfBuf3P7xaYDc4Ue8aM_zu3tnvf4Mtw_92yW_xzEYQQ1uS9bMYNRn3Lo-Y85sScDQa9OZiGrw14-RB8bovRM6zhgEV6dh6yy-Evo0MfZZ0bNhPfDqR6dEfaQ3BIGXgUYYHsVAL73xYn-0UkIw7vIRlvD8CRwAtjiHes5aHLyDQMHEMPNV8ONtBRWsZp7ek56hBHsYj3EpAk_quEHw1vgag_bejXVizhD3dDQlpdOhzwSAPv5xnz25RVeNLuugx5TPYrYacwxTYKkupbUCSuisrN2_1lgeDaAZJ3_dx_NZKKNrh5hUNn6R4u8', 'width': 4284}]",ChIJXbVyzTmxQYgR2oo3zfQ9S60,1.0,4.5,ChIJXbVyzTmxQYgR2oo3zfQ9S60,GOOGLE,"['restaurant', 'point_of_interest', 'food', 'establishment']",1819,"521 Madison Avenue, Covington",39.085171,-84.5106643,39.08652123029149,-84.50925641970849,39.0838232697085,-84.51195438029151,False,"3FPQ+3P Covington, KY, USA",86FQ3FPQ+3P,,1.130214661958027
CLOSED_TEMPORARILY,https://maps.gstatic.com/mapfiles/place_api/icons/v1/png_71/restaurant-71.png,#FF9E67,https://maps.gstatic.com/mapfiles/place_api/icons/v2/restaurant_pinlet,+1 859-219-6836,Strong's Brick Oven Pizzeria,"[{'height': 1440, 'html_attributions': ['<a href=""https://maps.google.com/maps/contrib/116517797404095844256"">Strong&#39;s Brick Oven Pizzeria</a>'], 'photo_reference': 'AcnlKN0riAd6HMAFx1fvm7PUS6DWLW8NqJ3feaF0PeNxu3uTK--3uMrTxnad_f3YF4BzI7e2sTk1iGaPPYaFHRY3Ksgh8_2oKbL7u0UqtPt5TPYARMKApVvm2zrxjq12y25BmKXlNhVWMlY41FCQdof7v_23EMGm13nFHSjqVBkYW6DdYgEyDM-OZkT7jF8mllL_hroc6QnPEKBRPztIHm05iA2x_PFOl0cdCvtz9w0um1dSMCaM9HXMMgG_jcv4IhmBV_-7mg1HmvVxOI75FDlUz_oJLXu8l0aqmBJVkpdn5zq7F21PQHLPdVkFRZCW1_cP2kL0mQIguhg', 'width': 1080}]",ChIJheQSum6xQYgRpLFFCwRcubE,1.0,4.7,ChIJheQSum6xQYgRpLFFCwRcubE,GOOGLE,"['bar', 'restaurant', 'point_of_interest', 'food', 'establishment']",1660,"708 Monmouth Street, Newport",39.0899454,-84.49243729999999,39.0913697802915,-84.49095896970852,39.0886718197085,-84.49365693029152,,"3GQ5+X2 Newport, KY, USA",86FQ3GQ5+X2,True,1.943921425780741
OPERATIONAL,https://maps.gstatic.com/mapfiles/place_api/icons/v1/png_71/restaurant-71.png,#FF9E67,https://maps.gstatic.com/mapfiles/place_api/icons/v2/restaurant_pinlet,+1 513-721-9484,Scotti's Italian Restaurant,"[{'height': 4000, 'html_attributions': ['<a href=""https://maps.google.com/maps/contrib/105287468118711921796"">H.T.</a>'], 'photo_reference': 'AcnlKN0-IDEg-GcIIfdJtvLSxYWKJ-RUCReSNlF_v155JiSbgc-H9mxHjua6EP1ypd4yPqLa7FwduTUmVvIifu3cm5ZUQl3t0KFqA3m2ZF46prFQAuDlFraaeK5dbRvw4NZtUi-slUIE1vqRu7HrvcEXxINlj1keIXc7cZoCacnvWEdTAs9zG-xjn2Nxgy2Q4Ol_LWuetYGCfbDe_BKaNTwlLnWDyG386rBxrxSJGIonAc_VHRvP8xyxQAP8uG8za3XtK7VPUTs1uP9prifvoRz8VdFLlMPN9xxIA7-hVBQ8B6ypa9x1if_1dpDqNQItVinhS7pK9zYFBBRyNG1BHSQZgBAQyb_RrHtIslkbLTcFEtRdtZ-w4X52VfgFTa23vKcx7Cwzsx5e8ZxdqsF68Wfy5NMmSCorThTy7n-X4tFGRDj9aSwNTEaYTzBfQXcBI5K0MJIGSi8skBoGEC_BGUlQN5ZTIcttyjrDSphahrPRGqan7Lpt5Sy5ktJX_HDP3fg2XaVkNwYinnl12e3LeiPMufsfxlbXfZF_pMGZ702b7oFeLhpBwMe9QICgysODjCMo07XYOSsk8J7t3vbAntSlpZRqhOp83f9wyFA0b2hhJBmuNYoV9Yh597vBqHkz2jndJyjYVWNc', 'width': 3000}]",ChIJrVDbAVexQYgRPWPVw01ZQJE,2.0,4.3,ChIJrVDbAVexQYgRPWPVw01ZQJE,GOOGLE,"['restaurant', 'point_of_interest', 'food', 'establishment']",696,"919 Vine Street, Cincinnati",39.1059201,-84.5143612,39.1072843802915,-84.5129234197085,39.1045864197085,-84.5156213802915,False,"4F4P+97 Cincinnati, OH, USA",86FQ4F4P+97,,1.2146596834967494
OPERATIONAL,https://maps.gstatic.com/mapfiles/place_api/icons/v1/png_71/restaurant-71.png,#FF9E67,https://maps.gstatic.com/mapfiles/place_api/icons/v2/restaurant_pinlet,+1 513-721-4744,First Watch,"[{'height': 4032, 'html_attributions': ['<a href=""https://maps.google.com/maps/contrib/104702767200188509753"">Sabeena A.</a>'], 'photo_reference': 'AcnlKN2wqUpj1PK2V7ZDdwVoARWTOJ_N4_v9yUwpg_b8vbcad34gSwboHs6NKZDdNDTEYecUcrQs_oc8pWPx6JKi-2Z963D0shDqf9U-14kMaHrPAlYMDmW5bWFKbTWWPniNSJF0OPURBUWjCkOgQ6A1iHihWC2-YT5PdFbxDFJLLMaeyiE0-NEtHLPq3sWX46YR6PgKHBR2YH0ETCX01miPVsXhRqBGm86OTpzc-9siAUVitkNjizWbs6RYj8VrcyLojQl6pnN9YWfzt8ALvYXA7KQfJNZEpo4tYMawcwJdxz5WY5lDDt1n9ryDbTffd2VksDy0z7bxqQpa6KA4YkJAWqXiyDO-v1A-d9MVPY9JH-v24MatxUdnGm-pbrLWy13Y7Rp6pDgjiuY51y_Wuh_eZiQwfkZV1HluMY3i1ksAWWxySGcVlUx3RZZA1QJxG7_QpiHwNn3SG88guh6WwWioUWsj6eVQBVnKAEyFgbQeosNPkmuy9zx--NitRH5skJxDuMtISmRE_Higd8Gb-s0w_g_-qQNJNTJB1oH5ZSrDyAbRCN6PDNbUVFubMMCwClyEyXNSo-RF8gPo7a7REsGGOAFrmY2Fkr0ku31wczTLRbxG7KBJbxdp4C-J8af4t0hJ', 'width': 3024}]",ChIJ6_fmWVexQYgR7HhBszOflKY,2.0,4.4,ChIJ6_fmWVexQYgR7HhBszOflKY,GOOGLE,"['restaurant', 'point_of_interest', 'food', 'establishment']",1249,"104 East 7th Street, Cincinnati",39.10421789999999,-84.51149149999999,39.1054710302915,-84.5101106697085,39.1027730697085,-84.5128086302915,False,"4F3Q+MC Cincinnati, OH, USA",86FQ4F3Q+MC,,1.0475920164130477
OPERATIONAL,https://maps.gstatic.com/mapfiles/place_api/icons/v1/png_71/restaurant-71.png,#FF9E67,https://maps.gstatic.com/mapfiles/place_api/icons/v2/restaurant_pinlet,+1 513-721-4715,Skyline Chili,"[{'height': 3024, 'html_attributions': ['<a href=""https://maps.google.com/maps/contrib/108780448741120680571"">Skyline Chili</a>'], 'photo_reference': 'AcnlKN2mzpxPQVoPYrdcMZy-stWvrS057w3DKT1DatkL8Q4H46chi9OZtVWll1A-9DsU1QVOyR7mubot_FylH_M1RlN4lQCrpshsz3K-fu7e1iAoBD4RuwYeihLDdU3XQabYxQuVu0Gxov__ChORvpWmPd6ZHYBUw4E9UKLXu2A3dRqLua2oyFZJVyYAUeI253wjuB06B3uMMVIJlN6Q1VGaxTPy9ZPCDFkRYwubGaFpYSJAcP3Gycmi3jX7WzBibrhXRqCUi_MZuLZstp8Mxv08CIiAY1J85n_RwZJmDXQp3-Ww68O_ZVF18beIcY8-RGOGfX3UJ7oGRes', 'width': 4032}]",ChIJQTBQq1exQYgRjqAgazn2JRU,1.0,4.3,ChIJQTBQq1exQYgRjqAgazn2JRU,GOOGLE,"['restaurant', 'point_of_interest', 'food', 'establishment']",304,"1001 Vine Street, Cincinnati",39.10668930000001,-84.514535,39.10789468029151,-84.51306336970849,39.10519671970851,-84.5157613302915,False,"4F4P+M5 Cincinnati, OH, USA",86FQ4F4P+M5,,1.300610456325415
OPERATIONAL,https://maps.gstatic.com/mapfiles/place_api/icons/v1/png_71/restaurant-71.png,#FF9E67,https://maps.gstatic.com/mapfiles/place_api/icons/v2/restaurant_pinlet,+1 513-421-7826,Quan Hapa,"[{'height': 469, 'html_attributions': ['<a href=""https://maps.google.com/maps/contrib/105934880868175801743"">Quan Hapa</a>'], 'photo_reference': 'AcnlKN1HgoH78sOXlzmx7yOaBYLp-IUd8xzLXjjxmgy4zItyXO59lPIYDlT4fgDE0KDAJe078hWzOrY5wuYmxQvFJOfCdQlfqSgBiEvpjJTzeqlWE-s31CcjpDC8BNjVtgbPKMCXnWEtYLLUCYy57SWNgjmmDuQj7myqdZ-sVekzOi7r8X26_kogPEawzkCnL9K6F2lB7EbH4MKQrBgk3R44SOObMJwjaplUsDwQHESH_0KkHIdh4N_61Z3gXRzFyc49uEhbYv88aBN9UsNSL0U2D6BqKKDELI5MN_mezNZPcQ6ep1IA0P5wR7L0hwFzHjC-MD_JZgvN', 'width': 1280}]",ChIJIWq3vv2zQYgRn0GsUkAjzGU,2.0,4.4,ChIJIWq3vv2zQYgRn0GsUkAjzGU,GOOGLE,"['bar', 'restaurant', 'point_of_interest', 'food', 'establishment']",1082,"1331 Vine Street, Cincinnati",39.1104812,-84.51553969999999,39.1118799802915,-84.51416646970848,39.1091820197085,-84.51686443029149,True,"4F6M+5Q Cincinnati, OH, USA",86FQ4F6M+5Q,,1.7265502962923616
OPERATIONAL,https://maps.gstatic.com/mapfiles/place_api/icons/v1/png_71/restaurant-71.png,#FF9E67,https://maps.gstatic.com/mapfiles/place_api/icons/v2/restaurant_pinlet,+1 859-261-8474,Skyline Chili,"[{'height': 2730, 'html_attributions': ['<a href=""https://maps.google.com/maps/contrib/113612709574672531470"">Skyline Chili</a>'], 'photo_reference': 'AcnlKN0Bpl3EAeeqawmuvLxWuzHzIFyg0eWAnMbOx6gNii7CjwCZNTTZI0W2HzAgRiNFJ3OWljMZuIWVy6z_LotGP5YF7xF7nNSQeBvGxKrjMZkGduRBdX_-OQLJum0ugUjm-T0ldfSFBkAz1cgJ6SD0vUKoMbAkFEV9JbypfyN699Zt9iJHOl4BNvpz90oks4gvMPVzPeXw4csg1NrPcpw04Ijo4DB6ytXPkSpd-ii2E_vjx-c2EmJl7bnLkFM8FvFDU7i_6YNgjWSFu0-f47NeEbYML-TGKEgjiwwnOJ0TPaI873IzurXYF8CKGQ8GpCrdBABfE15w9YE', 'width': 3670}]",ChIJ1azqRDWxQYgR6DPmA6xgpnA,1.0,4.4,ChIJ1azqRDWxQYgR6DPmA6xgpnA,GOOGLE,"['restaurant', 'point_of_interest', 'food', 'establishment']",867,"617 West 3rd Street, Covington",39.0873709,-84.520909,39.0887243802915,-84.5194601697085,39.0860264197085,-84.5221581302915,True,"3FPH+WJ Covington, KY, USA",86FQ3FPH+WJ,,1.0369082302987882
OPERATIONAL,https://maps.gstatic.com/mapfiles/place_api/icons/v1/png_71/restaurant-71.png,#FF9E67,https://maps.gstatic.com/mapfiles/place_api/icons/v2/restaurant_pinlet,+1 513-381-4800,Jimmy John's,"[{'height': 4032, 'html_attributions': ['<a href=""https://maps.google.com/maps/contrib/109273229290440709537"">Orlando Guerra</a>'], 'photo_reference': 'AcnlKN0-I9vbdbfYtOsMplDGJFxjuox1C476VzBDNAYG8TO1Jfx2MB9Bpx16QMamDAGEnBiQe4tz46KNz_nwXEXdHw_UfVVov1P5pHXX202EFw3SpfhrnL-8FT4czHCgpIVN_uAR1f8Sb21d3EX4oGke-tUXkPWgJ45JA0rlkWjpBZVn1Cc-5EW1AvIAuXVpy-pbjYl9mbNyRS77BzXOOxjkflxz9jP79zEc-B35hgru-wnHLvF3IM8ofwC7WZobT0Xio6xLts_jc0GTfR1G8JZgnVWtDJNz544Qu15BUlzkXsYSQDkAJxfWZofqMEbttFqQP8aQWeL8QrORIb48e54ARJtlsBVGY8wn8qrnmneSydnirVacLDbwX5_9cqYpxtLDG7vpLjmhQ2wHq6dJ6YoWDGTaUW6qyaADA1fWVp6g23VECtIZ0cIf7_ek2ojG8JUMHK6jMaguJHPZkkkVzkJPpAsYb5-NPW33quRFXra8OODGZoIX38_6qh7v_WaxgoJS47FauSeu0KPXuXBNF4wSf6-zW1UBDThAvEhf4l4YkOwneGu76xXbWFeit9TIIfyXIDvASox9dsE808iJ4sA35HbaAZbV8mWhIf465VPRSSM_RAc2NvV0Gox-PEfXujC1', 'width': 3024}]",ChIJ3Rvad1CxQYgRt7S48dIXPFU,1.0,2.9,ChIJ3Rvad1CxQYgRt7S48dIXPFU,GOOGLE,"['meal_delivery', 'meal_takeaway', 'restaurant', 'point_of_interest', 'food', 'establishment']",126,"171 East Freedom Way, Cincinnati",39.0971494,-84.5093191,39.0985926302915,-84.5079879197085,39.0958946697085,-84.5106858802915,True,"3FWR+V7 Cincinnati, OH, USA",86FQ3FWR+V7,,0.4693577328241654
OPERATIONAL,https://maps.gstatic.com/mapfiles/place_api/icons/v1/png_71/bar-71.png,#FF9E67,https://maps.gstatic.com/mapfiles/place_api/icons/v2/bar_pinlet,+1 513-381-0918,Queen City Radio,"[{'height': 3744, 'html_attributions': ['<a href=""https://maps.google.com/maps/contrib/107602436963952252464"">Queen City Radio</a>'], 'photo_reference': 'AcnlKN2IxOAnTczy3GeFHQnr1zSLiUZvpaaJ6Fwg2TAANKfdchUryIK11uvloSftlujoa4BODnJk9Grv3LQ5qudRKnN4xTluZKDAMEKdmYl26LO-j5CdxiPvdFcwrBM4QAoNiF-AwJLNGlce8hd-BdQVbiTgwZE6JbBe0qkfhlarwTp3hodZFc1-Lxul_rH670MrhUu6XB8pHuXL8Ez8v3Ylmqs1hCUzWtGWmECJhRTUjX8ys-roVqsD75M53gA5ACYgIoep7tDjQSqW3VFBHPh-8Bjwo5208ixmLXhK7MzVXSkhaNlmdjviKOXeZFnGOIDsTsQBxGGYCZg', 'width': 5616}]",ChIJw2Usn1WxQYgRi0xXWyNXoBo,2.0,4.5,ChIJw2Usn1WxQYgRi0xXWyNXoBo,GOOGLE,"['bar', 'restaurant', 'point_of_interest', 'food', 'establishment']",1046,"222 West 12th Street, Cincinnati",39.10787059999999,-84.519137,39.10910293029151,-84.51799086970851,39.10640496970851,-84.52068883029152,True,"4F5J+48 Cincinnati, OH, USA",86FQ4F5J+48,,1.4982223069309089
OPERATIONAL,https://maps.gstatic.com/mapfiles/place_api/icons/v1/png_71/restaurant-71.png,#FF9E67,https://maps.gstatic.com/mapfiles/place_api/icons/v2/restaurant_pinlet,+1 513-542-2022,Boca,"[{'height': 1383, 'html_attributions': ['<a href=""https://maps.google.com/maps/contrib/103734134741317348689"">Boca</a>'], 'photo_reference': 'AcnlKN02IdVYvMBOr0UnVQ-wniIog9YxNk-TkyJK8xZW5YnnSFlNNpJublKUKwAdpZSPGFKhBLuLzeHUPMioadkiDVcDY8KYsksDUcjpMf7CtyW2po2PX-U5zkk-yOelz-l6j3oru0ZHCGcqptlY1v2JRLl8C5SvE5ooe4l1IY1yfXVAIg79RoMT7MzW177xm88-p_mUwoQyMCA0jceMlykPbosPnLJgIz3cciPdwgsKsfIrzPczTXpHJObOnaQva-n6kF4_4MYBg7M5dFmjfWxH37KqasmrJz5R3LaldJO2JScY6oJxJBYDj2n8hD2XyYr8Qm3TNTdiuyc', 'width': 2048}]",ChIJn4miDlqxQYgRFPVde0kNKBU,4.0,4.7,ChIJn4miDlqxQYgRFPVde0kNKBU,GOOGLE,"['restaurant', 'point_of_interest', 'food', 'establishment']",1215,"114 East 6th Street, Cincinnati",39.10293839999999,-84.51124500000002,39.10420433029149,-84.50986286970851,39.10150636970849,-84.51256083029153,False,"4F3Q+5G Cincinnati, OH, USA",86FQ4F3Q+5G,,0.9141643623560916
OPERATIONAL,https://maps.gstatic.com/mapfiles/place_api/icons/v1/png_71/bar-71.png,#FF9E67,https://maps.gstatic.com/mapfiles/place_api/icons/v2/bar_pinlet,+1 859-261-7510,Zola Pub and Grill,"[{'height': 800, 'html_attributions': ['<a href=""https://maps.google.com/maps/contrib/110420817393574502615"">Zola Pub and Grill</a>'], 'photo_reference': 'AcnlKN1rIbLRiwAK75vn3iM6koYozrbU5wMOxd5JUUdoAyDjv6NpbbgsZSfrFtXLavzvvdjPh3htlNrGfXm6-JZu0BDNyKXu4egeyjwPS3RPPH2QRkPcbc-q2nxQNmV3uc2teOk5qb-JcdYmUG7825hXkjq7SXf9xTc2K-_6EvXHLBWvuQoA5ikozsSDZjdlAK3PMPXb1E-7T3C8MpToWYMDEatC7oXfGoYn7KYiz0utxJgaNfSP2j-KKivV_Ux_VBK8ROgZ75JNO_WavwE5O60JZ8YThZN4LY6lxNQ23-iUU8Lu5hP1RrTYYW6NhcAJXDwLltloZaTL0T4', 'width': 800}]",ChIJ5cckBDSxQYgRLd8Q1Q9nGDA,1.0,4.5,ChIJ5cckBDSxQYgRLd8Q1Q9nGDA,GOOGLE,"['bar', 'restaurant', 'point_of_interest', 'food', 'establishment']",551,"626 Main Street, Covington",39.08329989999999,-84.5173353,39.0846561302915,-84.51607826970849,39.0819581697085,-84.51877623029151,True,"3FMM+83 Covington, KY, USA",86FQ3FMM+83,,1.332456489887561
OPERATIONAL,https://maps.gstatic.com/mapfiles/place_api/icons/v1/png_71/restaurant-71.png,#FF9E67,https://maps.gstatic.com/mapfiles/place_api/icons/v2/restaurant_pinlet,+1 859-916-5209,Goodfellas Pizzeria - Mainstrasse,"[{'height': 290, 'html_attributions': ['<a href=""https://maps.google.com/maps/contrib/117627371019809370780"">Goodfellas Pizzeria - Mainstrasse</a>'], 'photo_reference': 'AcnlKN2Dbj88PDKpaYFaric-ik8OLoLmOXNA8vEswFausFyiBN8QllZQnRvOjYH1y5g9R4RoV-FvsbLQvBqBYw2sFuZvkyJB31y9tNxvvdluhfJRJs314yKZdM1TIbzTYDX9A3w4NN5XXhvwuoJb_6cgFXNo6NyHBQE_HTzODVrsYhWRO3xOwXGmmm3kN86-MD39-fPcX7XBEATzTAKiNmQ6r3T9xueNWMtYqjdE_iXwJ-3rKDQd4S0V1XIJ5WKpJZGcwL3S1Hk2t13VFWOubSMh_P3nonq3bSWG9GJ13k0eYUcoi6sQ9u6P5s_ys8ZlcgHZn_llo56GDtg', 'width': 500}]",ChIJx70sFzSxQYgR_BiFv8R6CTM,1.0,4.6,ChIJx70sFzSxQYgR_BiFv8R6CTM,GOOGLE,"['restaurant', 'point_of_interest', 'food', 'establishment']",2342,"603 Main Street, Covington",39.083953,-84.517718,39.0852968302915,-84.51626756970849,39.08259886970851,-84.51896553029151,True,"3FMJ+HW Covington, KY, USA",86FQ3FMJ+HW,,1.2695903669517707
OPERATIONAL,https://maps.gstatic.com/mapfiles/place_api/icons/v1/png_71/restaurant-71.png,#FF9E67,https://maps.gstatic.com/mapfiles/place_api/icons/v2/restaurant_pinlet,+1 513-834-8670,Krueger's Tavern,"[{'height': 2465, 'html_attributions': ['<a href=""https://maps.google.com/maps/contrib/111101703591797470496"">Krueger&#39;s Tavern</a>'], 'photo_reference': 'AcnlKN3lEZaoa801GRcKpVG5DSFXGxMqJHRIcihJ-NoJ5GPMRC44Pz701tsRsAtRpXTn9jCwFsOEcYmUZRvvCtRVqDvUx3yw7g1OxFtQwokNFTIhSkCmVbUt2jfjfnaOElePSVYjhG9y2N0o4ctjjGJvQfViH4crvnxhdjM1P-9VCdNzmd8sdD_imniTdqiU5o9QO26bm9fVwedazNWCPZRHU6cUVT83MDdYee6wdB2IJTTPUTiZs-gGf4b11FBpFnTstAh_2JVTRap6fwT19BlzaQhJKOUcvQCnfBfi9KLkZ5LfkNOWIkwNtNKa5JykQOKP9j1_u5sT7f4', 'width': 3287}]",ChIJm-svKFaxQYgR2s2FvjlMUxo,2.0,4.5,ChIJm-svKFaxQYgR2s2FvjlMUxo,GOOGLE,"['restaurant', 'meal_takeaway', 'bar', 'point_of_interest', 'food', 'establishment']",1249,"1313 Vine Street, Cincinnati",39.1098886,-84.5156067,39.1106272302915,-84.5138880697085,39.1079292697085,-84.5165860302915,True,"4F5M+XQ Cincinnati, OH, USA",86FQ4F5M+XQ,,1.6613318260288792
